-- phpMyAdmin SQL Dump
-- version 4.8.5
-- https://www.phpmyadmin.net/
--
-- Хост: 127.0.0.1:3306
-- Время создания: Фев 23 2021 г., 22:55
-- Версия сервера: 5.7.25-log
-- Версия PHP: 7.3.2

SET SQL_MODE = "NO_AUTO_VALUE_ON_ZERO";
SET AUTOCOMMIT = 0;
START TRANSACTION;
SET time_zone = "+00:00";


/*!40101 SET @OLD_CHARACTER_SET_CLIENT=@@CHARACTER_SET_CLIENT */;
/*!40101 SET @OLD_CHARACTER_SET_RESULTS=@@CHARACTER_SET_RESULTS */;
/*!40101 SET @OLD_COLLATION_CONNECTION=@@COLLATION_CONNECTION */;
/*!40101 SET NAMES utf8mb4 */;

--
-- База данных: `laratest`
--

-- --------------------------------------------------------

--
-- Структура таблицы `blocks`
--

CREATE TABLE `blocks` (
  `id` bigint(20) UNSIGNED NOT NULL,
  `page_id` bigint(20) UNSIGNED NOT NULL,
  `style_class` varchar(255) COLLATE utf8mb4_unicode_ci DEFAULT NULL,
  `style_id` varchar(255) COLLATE utf8mb4_unicode_ci DEFAULT NULL,
  `link` varchar(255) COLLATE utf8mb4_unicode_ci DEFAULT NULL,
  `created_at` timestamp NULL DEFAULT NULL,
  `updated_at` timestamp NULL DEFAULT NULL
) ENGINE=InnoDB DEFAULT CHARSET=utf8mb4 COLLATE=utf8mb4_unicode_ci;

--
-- Дамп данных таблицы `blocks`
--

INSERT INTO `blocks` (`id`, `page_id`, `style_class`, `style_id`, `link`, `created_at`, `updated_at`) VALUES
(11, 7, NULL, NULL, '/about-author', '2020-03-29 12:45:53', '2020-03-29 12:50:05'),
(12, 7, NULL, NULL, 'https://youtu.be/I8Z67ydkjmY', '2020-04-05 04:12:22', '2020-05-20 11:25:20'),
(13, 7, 'footer-block', NULL, NULL, '2020-05-22 16:07:03', '2020-05-22 16:07:03'),
(14, 7, 'footer-block', NULL, NULL, '2020-05-22 16:11:01', '2020-05-22 16:11:01'),
(15, 7, 'footer-block', NULL, NULL, '2020-05-22 16:14:41', '2020-05-22 16:39:10');

-- --------------------------------------------------------

--
-- Структура таблицы `block_translations`
--

CREATE TABLE `block_translations` (
  `id` bigint(20) UNSIGNED NOT NULL,
  `block_id` bigint(20) UNSIGNED NOT NULL,
  `locale` varchar(255) COLLATE utf8mb4_unicode_ci NOT NULL,
  `title` varchar(255) COLLATE utf8mb4_unicode_ci DEFAULT NULL,
  `subtitle` varchar(255) COLLATE utf8mb4_unicode_ci DEFAULT NULL,
  `text_link` varchar(255) COLLATE utf8mb4_unicode_ci DEFAULT NULL,
  `text` text COLLATE utf8mb4_unicode_ci
) ENGINE=InnoDB DEFAULT CHARSET=utf8mb4 COLLATE=utf8mb4_unicode_ci;

--
-- Дамп данных таблицы `block_translations`
--

INSERT INTO `block_translations` (`id`, `block_id`, `locale`, `title`, `subtitle`, `text_link`, `text`) VALUES
(11, 11, 'en', 'Biography of the Creator', NULL, NULL, '<p>The humid, deceitful, deceitful, contemplative, taken-for-granted, market I turned into a caddy of cursed Zach. He mentioned that he would give up, he would give up the night. We will unknowingly adhere to the Qadil, learn, recognize, and obey the Book of Obedience. Are you curious about the scope of your stash of fat?</p>\r\n\r\n<p>Getting to the motorbike Lodge, curious about the widow&#39;s lips, was cursed. Highly Asked Questions to Learn How to quit spitting words will also turn me on. The group of enemies was referred to as the Manchia. Mathardashvili was determined to win there ...</p>'),
(12, 11, 'ge', 'შემოქმედის ბიოგრაფია', 'მხატვარი და მოქანდაკე', 'სრულად წაკითხვა', '<p>ტენიანსა რამისა მცემთ, მიცვალებულმა, მოაფიქრდა, წაიღებ, ბაზრიდამ გამოვქცეულიყავი ქადილსა წყეული ზაქს. მოიხსენიებდა აღაპყრობდნენ უაღრესად დათმობდა, ღამეც გაბედა გამოვქცეულიყავი. ამოუღებლად დავცოცავთ ქადილსა ამოდაღული, ისწავლოს, გამოიცნო, განიცდი სიმსუქნე წიგნსა მორჭმულობით. აინტერესებსო ფარგალი ლოჟა დაეზოგათ მსუქანმა ჩააბა იარაღში სჯულში, წაიღებ დავცოცავთ.</p>\r\n\r\n<p>მოტორთან გაება მორჭმულობით ლოჟა, ქვრივისაც აინტერესებსო ტუჩებთან, წყეული გევლებოდა. უაღრესად კითხვები ისწავლოს უტირებდნენ მიმტყიპავ სიტყვაზედ მცემთ, სანოვაგეც, გამომიარეს გადაგაქცევს. მტერებთან დაჯგუფდს მოიხსენიებდა მიწიდან ფარგალი მზის აღაპყრობდნენ მანჭია.ბუძღუნა სასპენსი მუშტზე. დაკრიჭა განსაზღვრავდა მამარდაშვილს მოგიგე იქაურობას...</p>'),
(13, 12, 'ge', 'ვიდეო კლიპი', NULL, NULL, '<p>წესების ხანჯალს, საქმემ ქალდეველნი მოგვიყვანეს ბუნებრივ. გააგიჟოს რუიდამ მამაშენს, ააწევინა.</p>'),
(14, 13, 'en', 'საიტის შესახებ', NULL, NULL, '<p>საიტი ეძღვნება 50-იანი წლების ქართული ხელოვნების ერთ-ერთი თვალსაჩინო წარმომადგენლის, მხატვრის, მოქანდაკისა და ილუსტრატორის დიმიტრი ხახუტაშვილის შემოქმედებას.</p>'),
(15, 13, 'ge', 'საიტის შესახებ', NULL, NULL, '<p>საიტი ეძღვნება 50-იანი წლების ქართული ხელოვნების ერთ-ერთი თვალსაჩინო წარმომადგენლის, მხატვრის, მოქანდაკისა და ილუსტრატორის დიმიტრი ხახუტაშვილის შემოქმედებას.</p>'),
(16, 14, 'ge', 'სასარგებლო ბმულები', NULL, NULL, '<ul>\r\n	<li><a href=\"https://chateau-zegaani.com/\">შატო ზეგაანი</a></li>\r\n	<li><a href=\"http://art.gov.ge/index.php?lang=Ge\">თანამედროვე სახვითი ხელოვნების პორტალი</a></li>\r\n	<li><a href=\"https://art.edu.ge/acge/index.htm\">თბილისის სამხატვრო აკადემია</a></li>\r\n</ul>'),
(17, 15, 'ge', NULL, NULL, NULL, '<ul>\r\n	<li><a href=\"https://www.facebook.com/DimitriKhakhutashvili/?ref=br_tf&epa=SEARCH_BOX\">facebook</a></li>\r\n	<li><a href=\"https://www.youtube.com/channel/UCDDOW6NKhwYzBND-WcZSxtg\">youtube</a></li>\r\n	<li><a href=\"https://www.instagram.com/dimitri.khakhutashvili/\">instagram</a></li>\r\n</ul>');

-- --------------------------------------------------------

--
-- Структура таблицы `catalogs`
--

CREATE TABLE `catalogs` (
  `id` bigint(20) UNSIGNED NOT NULL,
  `parent_id` bigint(20) NOT NULL DEFAULT '0',
  `slug` varchar(255) COLLATE utf8mb4_unicode_ci NOT NULL,
  `created_at` timestamp NULL DEFAULT NULL,
  `updated_at` timestamp NULL DEFAULT NULL,
  `position` int(11) NOT NULL DEFAULT '0'
) ENGINE=InnoDB DEFAULT CHARSET=utf8mb4 COLLATE=utf8mb4_unicode_ci;

--
-- Дамп данных таблицы `catalogs`
--

INSERT INTO `catalogs` (`id`, `parent_id`, `slug`, `created_at`, `updated_at`, `position`) VALUES
(1, 0, 'fertsera', '2020-03-26 14:56:04', '2020-05-23 06:27:58', 1),
(2, 0, 'grafika', '2020-03-26 14:56:26', '2020-05-23 06:28:09', 2),
(3, 0, 'kandakeba', '2020-03-26 14:56:45', '2020-05-23 07:50:06', 5),
(4, 0, 'ilustratsia', '2020-03-26 14:57:18', '2020-05-23 08:44:17', 4),
(5, 0, 'akvareli', '2020-03-26 14:57:31', '2020-05-23 08:44:25', 3),
(6, 23, 'abstraktsiebi', '2020-04-08 04:11:18', '2020-05-21 16:19:55', 0),
(7, 23, 'impresionizmi', '2020-04-10 08:27:09', '2020-05-21 16:20:27', 0),
(8, 23, 'realizmi', '2020-04-10 08:28:24', '2020-05-21 16:20:47', 0),
(9, 23, 'puantelizmi', '2020-04-10 08:29:09', '2020-05-21 16:21:06', 0),
(10, 23, 'kubizmi', '2020-04-10 08:29:33', '2020-05-21 16:21:28', 0),
(11, 23, 'siurealizmi', '2020-04-10 08:31:27', '2020-05-21 16:21:50', 0),
(13, 24, 'peizazhi', '2020-04-10 08:32:38', '2020-05-21 16:23:29', 0),
(14, 24, 'naturmorti', '2020-04-10 08:33:06', '2020-05-21 16:23:49', 0),
(15, 24, 'kompozitsia', '2020-04-10 08:33:32', '2020-05-21 16:24:10', 0),
(16, 24, 'niu', '2020-04-10 08:33:56', '2020-05-21 16:24:54', 0),
(17, 24, 'portreti-grafika', '2020-04-10 08:38:44', '2020-05-21 16:22:57', 0),
(18, 24, 'niu-grafika', '2020-04-10 08:40:05', '2020-05-21 16:25:10', 0),
(20, 23, 'ekspresionizmi', '2020-05-08 15:58:12', '2020-05-21 16:22:23', 0),
(23, 0, 'mimartuleba', '2020-05-21 15:56:13', '2020-05-21 15:56:13', 0),
(24, 0, 'zhanri', '2020-05-21 16:15:42', '2020-05-21 16:15:42', 0),
(25, 24, 'fataluri-stsena', '2020-05-21 16:27:32', '2020-05-21 16:27:32', 0);

-- --------------------------------------------------------

--
-- Структура таблицы `catalog_items`
--

CREATE TABLE `catalog_items` (
  `id` bigint(20) UNSIGNED NOT NULL,
  `slug` varchar(255) COLLATE utf8mb4_unicode_ci NOT NULL,
  `cdate` varchar(50) COLLATE utf8mb4_unicode_ci DEFAULT NULL,
  `size` varchar(50) COLLATE utf8mb4_unicode_ci DEFAULT NULL,
  `display_home` tinyint(1) NOT NULL DEFAULT '0',
  `created_at` timestamp NULL DEFAULT NULL,
  `updated_at` timestamp NULL DEFAULT NULL,
  `position` int(11) NOT NULL DEFAULT '0',
  `active` int(11) NOT NULL DEFAULT '1'
) ENGINE=InnoDB DEFAULT CHARSET=utf8mb4 COLLATE=utf8mb4_unicode_ci;

--
-- Дамп данных таблицы `catalog_items`
--

INSERT INTO `catalog_items` (`id`, `slug`, `cdate`, `size`, `display_home`, `created_at`, `updated_at`, `position`, `active`) VALUES
(10, 'nude_1', '1966', '50x30', 0, '2020-04-29 13:08:10', '2020-06-08 13:00:32', 1, 0),
(12, 'niu-2', '1966', '50x30', 0, '2020-04-30 05:15:54', '2020-06-08 13:04:31', 3, 1),
(13, 'niu-3', '1998', '50x30', 0, '2020-04-30 05:31:48', '2020-06-08 13:04:28', 2, 1),
(14, 'niu-4', '1998', '30x25', 0, '2020-04-30 05:33:48', '2020-06-08 13:00:29', 0, 0),
(15, 'shishveli-kali', '1998', '25x30', 1, '2020-04-30 05:36:00', '2020-06-08 13:00:28', 0, 0),
(16, 'portreti-1', '1970', '55x18', 0, '2020-04-30 05:51:57', '2020-06-08 13:00:27', 0, 0),
(17, 'mamakatsi-qabalakhit', '1962', '30x25', 1, '2020-04-30 05:55:26', '2020-06-08 13:03:41', 0, 0),
(18, 'mamakatsi', '1948', '30x25', 0, '2020-04-30 05:58:26', '2020-06-08 13:03:42', 0, 0),
(19, 'guram-gelovanis-portreti', '1950', '30x25', 0, '2020-04-30 06:00:24', '2020-04-30 06:00:24', 0, 1),
(20, 'giga-lortkifanidzis-portreti', '1954', '25x20', 0, '2020-04-30 06:04:16', '2020-05-15 08:53:58', 0, 1),
(21, 'babajanas-koshebis-garekani', NULL, NULL, 1, '2020-05-01 04:26:29', '2020-05-01 04:26:29', 0, 1),
(23, 'sadei-hadaidis-sitsotskhlis-tsqaros-garekani', NULL, NULL, 1, '2020-05-02 06:59:20', '2020-05-22 12:06:40', 0, 1),
(24, 'statue-01', '1968', '33ხ28ხ24', 0, '2020-05-08 12:25:12', '2020-05-08 12:25:12', 0, 1),
(25, 'statue-02', '1975', '50x35x25', 1, '2020-05-08 12:27:18', '2020-05-10 08:48:01', 0, 1),
(26, 'statue-03', '1970', '45x35x20', 1, '2020-05-08 12:28:42', '2020-05-15 08:55:03', 0, 1),
(27, 'statue-04', '1967', '33x32x20', 0, '2020-05-08 12:29:49', '2020-05-08 12:29:49', 0, 1),
(28, 'kompozitsia', '2006', '60×50', 0, '2020-05-08 14:44:28', '2020-05-08 16:10:20', 0, 1),
(29, 'kalis-portreti', '1977', '60x40', 0, '2020-05-08 15:07:31', '2020-05-08 15:32:36', 0, 1),
(30, 'portreti', '1964', '35x25', 0, '2020-05-08 15:14:58', '2020-05-08 15:32:05', 0, 1),
(31, 'niu-ispd', '1961', '50x35', 0, '2020-05-08 15:29:56', '2020-05-08 15:31:29', 0, 1),
(32, 'kompozitsia-zuka', '1966', '70x50', 0, '2020-05-08 15:53:23', '2020-05-08 15:53:23', 0, 1),
(33, 'naturmorti', '1982', '70x50', 0, '2020-05-08 15:56:42', '2020-05-08 15:56:42', 0, 1),
(34, 'sanapiro', '1976', '70×50', 0, '2020-05-08 16:01:11', '2020-05-08 16:01:11', 0, 1),
(35, 'sanapiro-1', '1975', '70x50', 0, '2020-05-08 16:01:27', '2020-05-08 16:02:30', 0, 1),
(36, 'kalis-portreti_1', '1961', '70x50', 0, '2020-05-08 16:07:33', '2020-05-08 16:07:33', 0, 1),
(37, 'gogona', '1945', '40x35', 0, '2020-05-08 16:12:16', '2020-05-08 16:12:16', 0, 1),
(38, 'ortabrdzola', '1973', '70×50', 0, '2020-05-08 16:14:18', '2020-05-08 16:14:18', 0, 1),
(39, 'akhalkalaki', '1950', '35×25', 0, '2020-05-08 16:19:00', '2020-05-08 16:19:00', 0, 1),
(40, 'kalis-portreti_2', '1964', '35 x 25', 0, '2020-05-08 16:19:40', '2020-05-08 16:19:40', 0, 1),
(41, 'mamakatsis-portreti', '1951', '25x35', 0, '2020-05-08 16:23:25', '2020-05-08 16:23:25', 0, 1),
(42, 'kalis-portreti_3', '1960', '50x30', 0, '2020-05-08 16:24:32', '2020-05-08 16:24:32', 0, 1),
(43, 'portreti_1', '1944', '50 x 30', 0, '2020-05-08 16:27:38', '2020-05-08 16:27:38', 0, 1),
(44, 'asfurtselas-garekani', NULL, NULL, 0, '2020-05-09 05:53:33', '2020-05-09 05:53:33', 0, 1),
(46, 'kompozitsia-m2kd', '1998', '30x25', 0, '2020-05-11 07:46:24', '2020-05-11 07:46:24', 0, 1),
(47, 'peizazhi', '1980', '27 x 17', 0, '2020-05-11 07:56:55', '2020-05-11 07:56:55', 0, 1),
(48, '20-kompozitsia', '1970', '50x35', 0, '2020-05-11 08:38:58', '2020-05-11 08:38:58', 0, 1),
(49, '26-tetri mtebi', '2006', '50x40', 0, '2020-05-11 08:40:30', '2020-05-11 08:40:30', 0, 1),
(50, 'peizazhi-vzgx', '1999', '35 x 27', 0, '2020-05-11 08:42:20', '2020-05-11 08:42:20', 0, 1),
(51, '28-kompozicia', '1989', '60x50', 0, '2020-05-11 08:42:40', '2020-05-11 08:42:40', 0, 1),
(52, '29-kompozicia', '1985', '55x34', 0, '2020-05-11 08:44:08', '2020-05-11 08:44:08', 0, 1),
(53, 'peizazhi-7kvv', NULL, NULL, 0, '2020-05-11 08:44:31', '2020-05-11 08:44:31', 0, 1),
(54, '30-kompozicia', '1985', '55x34', 0, '2020-05-11 08:45:11', '2020-05-11 08:45:11', 0, 1),
(55, 'peizazhi-xq7u', '1999', '35 x 27', 0, '2020-05-11 08:45:38', '2020-05-11 08:45:38', 0, 1),
(56, '31-kompozicia', '2007', '55x40', 0, '2020-05-11 08:46:18', '2020-05-11 08:46:18', 0, 1),
(57, '44-peizaji', '1995', '50x40', 0, '2020-05-11 08:48:05', '2020-05-11 08:48:05', 0, 1),
(58, '37-shishveli modeli', '1962', '25x20', 0, '2020-05-11 08:51:14', '2020-05-11 08:51:14', 0, 1),
(59, '38-medaire qali', '1974', '38x15', 0, '2020-05-11 08:52:56', '2020-05-11 08:52:56', 0, 1),
(62, 'peizazhi-0klk', '1984', '35 x 27', 0, '2020-05-11 08:55:41', '2020-05-11 08:55:41', 0, 1),
(64, 'peizazhi-yuey', '1999', '35 x 27', 0, '2020-05-11 08:56:32', '2020-05-11 08:56:32', 0, 1),
(66, '39-shishveli-modeli-ybpr', '1974', '25x20', 0, '2020-05-11 09:04:27', '2020-05-11 09:04:27', 0, 1),
(67, '40-shishveli modeli', '1974', '25x20', 0, '2020-05-11 09:05:34', '2020-05-11 09:05:34', 0, 1),
(68, '36-qalis portreti', '1963', '25x20', 0, '2020-05-11 09:08:52', '2020-05-11 09:08:52', 0, 1),
(69, '41-naturmorti', '1967', '50x40', 0, '2020-05-11 09:12:33', '2020-05-11 09:12:33', 0, 1),
(70, 'sastsavlo-modeli', '1977', '100x65', 0, '2020-05-11 09:27:55', '2020-05-11 09:37:51', 0, 1),
(71, 'shishveli-modeli', '2007', '30x20', 0, '2020-05-11 09:29:09', '2020-05-11 09:29:09', 0, 1),
(72, 'shishveli-modeli-ufsr', '1973', '100x80', 0, '2020-05-11 09:30:32', '2020-05-11 09:30:32', 0, 1),
(73, 'kompozitsia-d3ms', '2000', '28x20', 0, '2020-05-11 09:41:03', '2020-05-11 09:41:03', 0, 1),
(74, 'kali-khalichis-fonze', '1975', '70x50', 0, '2020-05-11 09:41:33', '2020-05-11 09:41:33', 0, 1),
(75, 'peizazhi-6796', NULL, NULL, 0, '2020-05-11 09:41:55', '2020-05-11 09:41:55', 0, 1),
(76, 'menature-kali', '1963', '70x50', 0, '2020-05-11 09:42:27', '2020-05-11 09:42:27', 0, 1),
(77, 'kompozitsia-jfem', '1970', '28 x 20', 0, '2020-05-11 09:43:03', '2020-05-11 09:43:03', 0, 1),
(78, 'kompozitsia-sau9', '1990', '28x20', 0, '2020-05-11 09:45:24', '2020-05-11 09:45:24', 0, 1),
(79, 'kompozitsia-fn4e', '1975', '30x18', 0, '2020-05-11 09:47:16', '2020-05-11 09:47:16', 0, 1),
(80, 'kompozitsia-ftx2', '1992', '35 x 28', 0, '2020-05-11 10:06:52', '2020-05-11 10:06:52', 0, 1),
(82, 'kompozitsia-qbwo', '1994', '35x28', 0, '2020-05-11 11:43:16', '2020-05-11 11:43:16', 0, 1),
(83, 'rygbi', '1989', '30x18', 0, '2020-05-11 11:46:28', '2020-05-12 17:26:54', 0, 1),
(84, 'kompozitsia-pys2', '1984', '35x18', 0, '2020-05-11 11:48:38', '2020-05-11 11:48:38', 0, 1),
(85, 'kalis-portreti-259r', '1961', '25x18', 0, '2020-05-11 12:44:13', '2020-05-11 12:44:13', 0, 1),
(86, 'mamakatsis-portreti-uimd', '1963', '25x18', 0, '2020-05-11 12:46:31', '2020-05-11 12:46:31', 0, 1),
(87, 'portreti-u8fj', '1963', '25x18', 0, '2020-05-11 12:49:37', '2020-05-11 12:49:37', 0, 1),
(88, 'kompozitsia-mqfm', '1984', '35x18', 0, '2020-05-11 12:52:40', '2020-05-11 12:52:40', 0, 1),
(89, 'Composition_1', '1992', '35x28', 0, '2020-05-11 12:54:10', '2020-05-13 04:23:34', 0, 1),
(90, 'portreti-tz91', '1959', '25x18', 0, '2020-05-11 13:27:39', '2020-05-11 13:27:39', 0, 1),
(91, 'portreti_ 76', '1980', '25x18', 0, '2020-05-11 13:33:32', '2020-05-12 09:19:35', 0, 1),
(92, 'kheoba', '2000', '53x70', 0, '2020-05-13 11:42:26', '2020-05-13 11:42:26', 0, 1),
(93, '01-okrosferi-zghva', '1965', '40x50', 0, '2020-05-13 12:10:28', '2020-05-13 13:22:26', 0, 1),
(94, 'portreti-jend', '1949', '30x20', 0, '2020-05-16 11:29:49', '2020-05-16 11:29:49', 0, 1),
(95, 'naturmorti-ipxx', '1944', '35 x 25', 0, '2020-05-16 11:38:22', '2020-05-16 11:38:22', 0, 1),
(96, 'sanapiro-x3lx', '1999', '42x30', 0, '2020-05-18 10:17:46', '2020-05-18 10:17:46', 0, 1),
(97, 'tedzmis-kheoba', '1991', '25x35', 0, '2020-05-18 10:19:46', '2020-05-18 10:19:46', 0, 1),
(98, 'zghvis-napiri', '2004', '42x30', 0, '2020-05-18 10:21:17', '2020-05-18 10:21:17', 0, 1),
(99, 'sofeli', '1984', '50x35', 0, '2020-05-18 10:23:40', '2020-05-18 10:23:40', 0, 1),
(100, 'tqe', '2004', '55x40', 0, '2020-05-18 10:25:12', '2020-05-18 10:25:12', 0, 1),
(101, 'kheebi', '2008', '50x35', 0, '2020-05-18 10:27:16', '2020-05-18 10:27:16', 0, 1),
(102, 'ojakhi', '1976', '70x50', 0, '2020-05-18 10:29:00', '2020-05-18 10:29:00', 0, 1),
(103, 'kartli', '1984', '50x35', 0, '2020-05-18 10:33:47', '2020-05-18 10:33:47', 0, 1),
(104, 'peizazhi-uxfx', '1992', '50x35', 0, '2020-05-18 10:35:48', '2020-05-18 10:35:48', 0, 1),
(105, 'tsiteli-mtebi', '1978', '32x25', 0, '2020-05-18 10:37:53', '2020-05-18 10:37:53', 0, 1),
(106, 'kheoba-58gi', '1999', '30x25', 0, '2020-05-18 10:39:08', '2020-05-18 10:39:08', 0, 1),
(107, 'peizazhi-9rrr', '1999', '50x40', 0, '2020-05-18 10:40:26', '2020-05-18 10:40:26', 0, 1),
(108, 'peizazhi-geuq', '1999', '50x40', 0, '2020-05-18 10:41:15', '2020-05-18 10:41:15', 0, 1),
(109, 'kheoba-xzua', '1991', '35x25', 0, '2020-05-18 10:42:42', '2020-05-18 10:42:42', 0, 1),
(110, 'sanapiro-gzp1', '1999', '50x40', 0, '2020-05-18 10:43:36', '2020-05-18 10:43:36', 0, 1),
(111, 'peizazhi-iaud', '1999', '50x40', 0, '2020-05-18 10:44:34', '2020-05-18 10:44:34', 0, 1),
(112, 'pianisti-t.-gvineria', '1974', '65x90', 0, '2020-05-18 12:20:51', '2020-05-18 12:20:51', 0, 1),
(113, 'profesori-i.-sharlemani', '1952', '45x35', 0, '2020-05-18 12:25:36', '2020-05-18 12:25:36', 0, 1),
(118, 'pianisti-nana-gvasalia', '1970', '55x40', 0, '2020-05-18 12:37:27', '2020-05-18 12:37:27', 0, 1),
(120, 'mamakatsis-portreti-zx4u', '1960', '35x25', 0, '2020-05-18 12:42:59', '2020-05-18 12:42:59', 0, 1),
(121, 'lali', '1983', '50x35', 0, '2020-05-18 12:44:15', '2020-05-18 12:44:15', 0, 1),
(122, 'msakhiobi-n.-plotnikova', '1959', '70x50', 0, '2020-05-18 12:46:31', '2020-05-18 12:46:31', 0, 1),
(125, 'baia-v05t', '1974', '55x40', 0, '2020-05-18 12:48:50', '2020-05-18 12:48:50', 0, 1),
(127, 'formebi-perspektivashi', '1991', '50x35', 0, '2020-05-18 12:58:12', '2020-05-18 12:58:12', 0, 1),
(129, 'spa', '1979', '80x60', 0, '2020-05-18 13:03:18', '2020-05-18 13:03:18', 0, 1),
(130, 'self_caricature', '1967', '10x20', 0, '2020-05-18 13:03:33', '2020-05-18 13:07:21', 0, 1),
(131, 'mobanaveni', '1970', '100x65', 0, '2020-05-18 13:04:44', '2020-05-18 13:04:44', 0, 1),
(132, 'portreti-4bun', '1966', '70x50', 0, '2020-05-18 13:12:29', '2020-05-18 13:12:29', 0, 1),
(135, 'soflis-khedi', '2004', '90x110', 0, '2020-05-18 13:17:01', '2020-05-18 13:17:01', 0, 1),
(136, 'sofeli-quce', '2004', '40x50', 0, '2020-05-18 13:17:44', '2020-05-18 13:17:44', 0, 1),
(137, 'khedi-fanjridan', '1977', '60x40', 0, '2020-05-18 13:18:43', '2020-05-18 13:18:43', 0, 1),
(138, 'kalaki', '1989', '30x20', 0, '2020-05-18 13:19:36', '2020-05-18 13:19:36', 0, 1),
(139, 'saburtalo', '1966', '50x70', 0, '2020-05-18 13:20:46', '2020-05-18 13:20:46', 0, 1),
(140, 'kidevats-daizrdebian-(eskizi)', '1995', '50x40', 0, '2020-05-18 13:21:59', '2020-05-18 13:21:59', 0, 1),
(141, 'kali-erovnul-samosshi', '1994', '27x30', 0, '2020-05-18 13:23:21', '2020-05-18 13:23:21', 0, 1),
(143, 'ukanaskneli-gachereba', '1976', '70x50', 0, '2020-05-18 13:25:59', '2020-05-18 13:25:59', 0, 1),
(146, 'tiniko', '1963', '50x35', 0, '2020-05-18 13:48:56', '2020-05-18 13:48:56', 0, 1),
(147, 'ortabrdzola-ata7', '1969', '20x30', 0, '2020-05-19 07:16:07', '2020-05-19 07:16:07', 0, 1),
(149, 'sanapiro-hkhr', '1964', '25x35', 0, '2020-05-19 08:32:37', '2020-05-19 08:32:37', 0, 1),
(150, 'peizazhi-1zc2', '1984', '27x35', 0, '2020-05-19 08:41:30', '2020-05-19 08:41:30', 0, 1),
(151, 'rashi', '1995', '29x23', 0, '2020-05-19 08:44:24', '2020-05-19 08:44:24', 0, 1),
(152, 'gremi', '1961', '30x37', 0, '2020-05-19 08:46:26', '2020-05-19 08:46:26', 0, 1),
(153, 'peizazhi-0l37', '1991', '30x25', 0, '2020-05-19 08:51:16', '2020-05-19 08:51:16', 0, 1),
(154, 'nana', '1972', '35x25', 0, '2020-05-19 08:52:43', '2020-05-19 08:52:43', 0, 1),
(155, 'peizazhi-n7ag', '1961', '35x25', 0, '2020-05-19 08:57:19', '2020-05-19 08:57:19', 0, 1),
(156, 'peizazhi-ubjf', '1961', '35x25', 0, '2020-05-19 09:01:48', '2020-05-19 09:01:48', 0, 1),
(157, 'mountains', '1994', '35x26', 0, '2020-05-19 10:36:20', '2020-06-08 12:04:59', 4, 1);

-- --------------------------------------------------------

--
-- Структура таблицы `catalog_items_relations`
--

CREATE TABLE `catalog_items_relations` (
  `id` bigint(20) UNSIGNED NOT NULL,
  `catalog_id` bigint(20) UNSIGNED NOT NULL,
  `catalog_item_id` bigint(20) UNSIGNED NOT NULL,
  `created_at` timestamp NULL DEFAULT NULL,
  `updated_at` timestamp NULL DEFAULT NULL
) ENGINE=InnoDB DEFAULT CHARSET=utf8mb4 COLLATE=utf8mb4_unicode_ci;

--
-- Дамп данных таблицы `catalog_items_relations`
--

INSERT INTO `catalog_items_relations` (`id`, `catalog_id`, `catalog_item_id`, `created_at`, `updated_at`) VALUES
(27, 2, 10, NULL, NULL),
(33, 2, 13, NULL, NULL),
(35, 2, 14, NULL, NULL),
(37, 2, 15, NULL, NULL),
(39, 2, 12, NULL, NULL),
(40, 2, 16, NULL, NULL),
(41, 17, 16, NULL, NULL),
(43, 17, 17, NULL, NULL),
(44, 2, 18, NULL, NULL),
(45, 17, 18, NULL, NULL),
(46, 2, 19, NULL, NULL),
(47, 17, 19, NULL, NULL),
(49, 2, 20, NULL, NULL),
(50, 17, 20, NULL, NULL),
(51, 4, 21, NULL, NULL),
(54, 3, 24, NULL, NULL),
(55, 3, 25, NULL, NULL),
(56, 3, 26, NULL, NULL),
(57, 3, 27, NULL, NULL),
(58, 6, 28, NULL, NULL),
(59, 10, 28, NULL, NULL),
(60, 1, 29, NULL, NULL),
(62, 1, 30, NULL, NULL),
(64, 1, 31, NULL, NULL),
(67, 1, 32, NULL, NULL),
(68, 6, 32, NULL, NULL),
(69, 15, 32, NULL, NULL),
(70, 1, 33, NULL, NULL),
(71, 14, 33, NULL, NULL),
(72, 1, 34, NULL, NULL),
(73, 20, 34, NULL, NULL),
(74, 1, 35, NULL, NULL),
(75, 20, 35, NULL, NULL),
(76, 1, 36, NULL, NULL),
(78, 1, 37, NULL, NULL),
(80, 20, 38, NULL, NULL),
(82, 7, 39, NULL, NULL),
(83, 13, 39, NULL, NULL),
(84, 1, 40, NULL, NULL),
(85, 17, 40, NULL, NULL),
(86, 1, 41, NULL, NULL),
(87, 17, 41, NULL, NULL),
(88, 1, 42, NULL, NULL),
(89, 17, 42, NULL, NULL),
(90, 1, 43, NULL, NULL),
(93, 1, 44, NULL, NULL),
(94, 4, 44, NULL, NULL),
(98, 1, 46, NULL, NULL),
(99, 6, 46, NULL, NULL),
(100, 15, 46, NULL, NULL),
(101, 1, 47, NULL, NULL),
(102, 5, 47, NULL, NULL),
(103, 13, 47, NULL, NULL),
(104, 1, 48, NULL, NULL),
(105, 6, 48, NULL, NULL),
(106, 10, 48, NULL, NULL),
(107, 1, 49, NULL, NULL),
(108, 6, 49, NULL, NULL),
(109, 10, 49, NULL, NULL),
(110, 1, 50, NULL, NULL),
(111, 13, 50, NULL, NULL),
(112, 20, 50, NULL, NULL),
(113, 1, 51, NULL, NULL),
(114, 6, 51, NULL, NULL),
(115, 10, 51, NULL, NULL),
(116, 1, 52, NULL, NULL),
(117, 6, 52, NULL, NULL),
(118, 10, 52, NULL, NULL),
(119, 1, 53, NULL, NULL),
(120, 5, 53, NULL, NULL),
(121, 13, 53, NULL, NULL),
(122, 20, 53, NULL, NULL),
(123, 1, 54, NULL, NULL),
(124, 6, 54, NULL, NULL),
(125, 10, 54, NULL, NULL),
(126, 1, 55, NULL, NULL),
(127, 5, 55, NULL, NULL),
(128, 13, 55, NULL, NULL),
(129, 20, 55, NULL, NULL),
(130, 1, 56, NULL, NULL),
(131, 6, 56, NULL, NULL),
(132, 10, 56, NULL, NULL),
(133, 1, 57, NULL, NULL),
(134, 5, 57, NULL, NULL),
(135, 6, 57, NULL, NULL),
(136, 13, 57, NULL, NULL),
(137, 2, 58, NULL, NULL),
(138, 18, 58, NULL, NULL),
(139, 2, 59, NULL, NULL),
(140, 18, 59, NULL, NULL),
(145, 1, 62, NULL, NULL),
(146, 5, 62, NULL, NULL),
(147, 20, 62, NULL, NULL),
(150, 1, 64, NULL, NULL),
(151, 5, 64, NULL, NULL),
(152, 20, 64, NULL, NULL),
(155, 2, 66, NULL, NULL),
(156, 18, 66, NULL, NULL),
(157, 2, 67, NULL, NULL),
(158, 18, 67, NULL, NULL),
(159, 2, 68, NULL, NULL),
(160, 17, 68, NULL, NULL),
(161, 1, 69, NULL, NULL),
(162, 10, 69, NULL, NULL),
(163, 14, 69, NULL, NULL),
(164, 18, 10, NULL, NULL),
(166, 18, 13, NULL, NULL),
(167, 18, 14, NULL, NULL),
(168, 16, 31, NULL, NULL),
(169, 18, 15, NULL, NULL),
(170, 1, 70, NULL, NULL),
(171, 16, 70, NULL, NULL),
(172, 1, 71, NULL, NULL),
(173, 16, 71, NULL, NULL),
(174, 1, 72, NULL, NULL),
(175, 16, 72, NULL, NULL),
(176, 1, 73, NULL, NULL),
(177, 11, 73, NULL, NULL),
(178, 1, 74, NULL, NULL),
(179, 16, 74, NULL, NULL),
(180, 1, 75, NULL, NULL),
(181, 5, 75, NULL, NULL),
(182, 13, 75, NULL, NULL),
(183, 20, 75, NULL, NULL),
(184, 1, 76, NULL, NULL),
(185, 16, 76, NULL, NULL),
(186, 1, 77, NULL, NULL),
(187, 11, 77, NULL, NULL),
(188, 1, 78, NULL, NULL),
(189, 6, 78, NULL, NULL),
(190, 1, 79, NULL, NULL),
(191, 6, 79, NULL, NULL),
(192, 15, 79, NULL, NULL),
(193, 1, 80, NULL, NULL),
(194, 6, 80, NULL, NULL),
(195, 15, 80, NULL, NULL),
(199, 1, 82, NULL, NULL),
(200, 6, 82, NULL, NULL),
(201, 15, 82, NULL, NULL),
(202, 5, 83, NULL, NULL),
(203, 1, 84, NULL, NULL),
(204, 6, 84, NULL, NULL),
(205, 2, 85, NULL, NULL),
(206, 17, 85, NULL, NULL),
(207, 2, 86, NULL, NULL),
(208, 17, 86, NULL, NULL),
(209, 2, 87, NULL, NULL),
(210, 17, 87, NULL, NULL),
(211, 1, 88, NULL, NULL),
(212, 6, 88, NULL, NULL),
(213, 15, 88, NULL, NULL),
(214, 1, 89, NULL, NULL),
(215, 6, 89, NULL, NULL),
(216, 15, 89, NULL, NULL),
(217, 2, 90, NULL, NULL),
(218, 17, 90, NULL, NULL),
(219, 2, 91, NULL, NULL),
(220, 17, 91, NULL, NULL),
(221, 1, 92, NULL, NULL),
(222, 5, 92, NULL, NULL),
(223, 13, 92, NULL, NULL),
(224, 1, 93, NULL, NULL),
(225, 13, 93, NULL, NULL),
(226, 1, 94, NULL, NULL),
(227, 8, 94, NULL, NULL),
(228, 17, 94, NULL, NULL),
(229, 1, 95, NULL, NULL),
(230, 8, 95, NULL, NULL),
(231, 14, 95, NULL, NULL),
(232, 1, 96, NULL, NULL),
(233, 13, 96, NULL, NULL),
(234, 1, 97, NULL, NULL),
(235, 13, 97, NULL, NULL),
(236, 1, 98, NULL, NULL),
(237, 13, 98, NULL, NULL),
(238, 1, 99, NULL, NULL),
(239, 13, 99, NULL, NULL),
(240, 1, 100, NULL, NULL),
(241, 13, 100, NULL, NULL),
(242, 1, 101, NULL, NULL),
(243, 13, 101, NULL, NULL),
(244, 1, 102, NULL, NULL),
(245, 13, 102, NULL, NULL),
(246, 1, 103, NULL, NULL),
(247, 13, 103, NULL, NULL),
(248, 1, 104, NULL, NULL),
(249, 13, 104, NULL, NULL),
(250, 1, 105, NULL, NULL),
(251, 13, 105, NULL, NULL),
(252, 1, 106, NULL, NULL),
(253, 5, 106, NULL, NULL),
(254, 13, 106, NULL, NULL),
(255, 1, 107, NULL, NULL),
(256, 5, 107, NULL, NULL),
(257, 13, 107, NULL, NULL),
(258, 1, 108, NULL, NULL),
(259, 5, 108, NULL, NULL),
(260, 13, 108, NULL, NULL),
(261, 1, 109, NULL, NULL),
(262, 13, 109, NULL, NULL),
(263, 1, 110, NULL, NULL),
(264, 5, 110, NULL, NULL),
(265, 13, 110, NULL, NULL),
(266, 1, 111, NULL, NULL),
(267, 5, 111, NULL, NULL),
(268, 13, 111, NULL, NULL),
(269, 1, 112, NULL, NULL),
(272, 1, 113, NULL, NULL),
(273, 17, 113, NULL, NULL),
(282, 1, 118, NULL, NULL),
(283, 17, 118, NULL, NULL),
(286, 1, 120, NULL, NULL),
(287, 17, 120, NULL, NULL),
(288, 1, 121, NULL, NULL),
(289, 17, 121, NULL, NULL),
(290, 1, 122, NULL, NULL),
(291, 17, 122, NULL, NULL),
(296, 1, 125, NULL, NULL),
(297, 17, 125, NULL, NULL),
(300, 1, 127, NULL, NULL),
(301, 10, 127, NULL, NULL),
(302, 11, 127, NULL, NULL),
(305, 1, 129, NULL, NULL),
(307, 2, 130, NULL, NULL),
(308, 17, 130, NULL, NULL),
(310, 1, 131, NULL, NULL),
(311, 10, 131, NULL, NULL),
(312, 1, 132, NULL, NULL),
(313, 10, 132, NULL, NULL),
(314, 17, 132, NULL, NULL),
(321, 1, 135, NULL, NULL),
(322, 13, 135, NULL, NULL),
(323, 1, 136, NULL, NULL),
(324, 13, 136, NULL, NULL),
(325, 1, 137, NULL, NULL),
(326, 1, 138, NULL, NULL),
(327, 1, 139, NULL, NULL),
(328, 10, 139, NULL, NULL),
(329, 1, 140, NULL, NULL),
(330, 4, 140, NULL, NULL),
(331, 5, 140, NULL, NULL),
(332, 1, 141, NULL, NULL),
(333, 5, 141, NULL, NULL),
(336, 1, 143, NULL, NULL),
(341, 1, 146, NULL, NULL),
(342, 17, 146, NULL, NULL),
(343, 1, 147, NULL, NULL),
(347, 1, 149, NULL, NULL),
(348, 7, 149, NULL, NULL),
(349, 14, 149, NULL, NULL),
(350, 1, 150, NULL, NULL),
(352, 13, 150, NULL, NULL),
(353, 5, 151, NULL, NULL),
(354, 5, 152, NULL, NULL),
(355, 1, 153, NULL, NULL),
(356, 13, 153, NULL, NULL),
(357, 20, 153, NULL, NULL),
(358, 1, 154, NULL, NULL),
(359, 1, 155, NULL, NULL),
(360, 13, 155, NULL, NULL),
(361, 1, 156, NULL, NULL),
(362, 13, 156, NULL, NULL),
(363, 20, 156, NULL, NULL),
(364, 1, 157, NULL, NULL),
(365, 5, 157, NULL, NULL),
(366, 13, 157, NULL, NULL),
(367, 2, 17, NULL, NULL),
(368, 1, 21, NULL, NULL),
(371, 4, 23, NULL, NULL),
(372, 9, 12, NULL, NULL),
(375, 18, 12, NULL, NULL),
(376, 6, 10, NULL, NULL),
(377, 6, 15, NULL, NULL),
(378, 6, 13, NULL, NULL),
(379, 7, 140, NULL, NULL),
(380, 13, 140, NULL, NULL),
(381, 7, 150, NULL, NULL);

-- --------------------------------------------------------

--
-- Структура таблицы `catalog_item_translations`
--

CREATE TABLE `catalog_item_translations` (
  `id` bigint(20) UNSIGNED NOT NULL,
  `catalog_item_id` bigint(20) UNSIGNED NOT NULL,
  `locale` varchar(255) COLLATE utf8mb4_unicode_ci NOT NULL,
  `name` varchar(255) COLLATE utf8mb4_unicode_ci NOT NULL,
  `description` text COLLATE utf8mb4_unicode_ci,
  `workmanship` varchar(150) COLLATE utf8mb4_unicode_ci DEFAULT NULL,
  `execution_technique` varchar(150) COLLATE utf8mb4_unicode_ci DEFAULT NULL,
  `m_title` varchar(250) COLLATE utf8mb4_unicode_ci DEFAULT NULL,
  `m_description` text COLLATE utf8mb4_unicode_ci,
  `collection` varchar(255) COLLATE utf8mb4_unicode_ci DEFAULT NULL
) ENGINE=InnoDB DEFAULT CHARSET=utf8mb4 COLLATE=utf8mb4_unicode_ci;

--
-- Дамп данных таблицы `catalog_item_translations`
--

INSERT INTO `catalog_item_translations` (`id`, `catalog_item_id`, `locale`, `name`, `description`, `workmanship`, `execution_technique`, `m_title`, `m_description`, `collection`) VALUES
(18, 10, 'ge', 'ნიუ', '<p>Lorem Ipsum საბეჭდი და ტიპოგრაფიული ინდუსტრიის უშინაარსო ტექსტია. იგი სტანდარტად 1500-იანი წლებიდან იქცა, როდესაც უცნობმა მბეჭდავმა ამწყობ დაზგაზე წიგნის საცდელი ეგზემპლარი დაბეჭდა. მისი ტექსტი არამარტო 5 საუკუნის მანძილზე შემორჩა, არამედ მან დღემდე, ელექტრონული ტიპოგრაფიის დრომდეც უცვლელად მოაღწია. განსაკუთრებული პოპულარობა მას 1960-იან წლებში გამოსულმა Letraset-ის ცნობილმა ტრაფარეტებმა მოუტანა, უფრო მოგვიანებით კი &amp;mdash; Aldus PageMaker-ის ტიპის საგამომცემლო პროგრამებმა, რომლებშიც Lorem Ipsum-ის სხვადასხვა ვერსიები იყო ჩაშენებული.<br />\r\nრატომ ვიყენებთ მას?</p>', 'ქაღალდი', 'ტუში', 'ნიუ', 'ნიუ', '12345'),
(20, 12, 'ge', 'ნიუ', NULL, 'ქაღალდი', 'ტუში', 'ნიუ', 'ნიუ', NULL),
(21, 13, 'ge', 'ნიუ', NULL, 'ქაღალდი', 'ფანქარი', 'ნიუ', 'ნიუ', NULL),
(22, 14, 'ge', 'ნიუ', NULL, 'ქაღალდი', 'ფანქარი', 'ნიუ', 'ნიუ', NULL),
(23, 15, 'ge', 'შიშველი ქალი', NULL, 'ქაღალდი', 'ტუში', 'შიშველი ქალი', 'შიშველი ქალი', '9876'),
(24, 16, 'ge', 'პორტრეტი', NULL, 'ქაღალდი', 'ნახშირი', 'პორტრეტი', 'პორტრეტი', NULL),
(25, 17, 'ge', 'მამაკაცი ყაბალახით', NULL, 'ქაღალდი', 'ფლომასტერი', 'მამაკაცი ყაბალახით', 'მამაკაცი ყაბალახით', NULL),
(26, 18, 'ge', 'უცნობი მოხუცის პორტრეტი', NULL, 'ქაღალდი', 'ფანქარი', 'უცნობი მოხუცის პორტრეტი', 'უცნობი მოხუცის პორტრეტი', NULL),
(27, 19, 'ge', 'გურამ გელოვანის პორტრეტი', NULL, 'ქაღალდი', 'ფანქარი', 'გურამ გელოვანის პორტრეტი', 'გურამ გელოვანის პორტრეტი', NULL),
(28, 20, 'ge', 'გიგა ლორთქიფანიძის პორტრეტი', NULL, 'ქაღალდი', 'ფანქარი', 'გიგა ლორთქიფანიძის პორტრეტი', 'გიგა ლორთქიფანიძის პორტრეტი', NULL),
(29, 21, 'ge', 'ბაბაჯანას ქოშების გარეკანი', NULL, NULL, NULL, NULL, NULL, NULL),
(31, 23, 'ge', 'სადეი ჰადაიდის სიცოცხლის წყაროს გარეკანი', NULL, NULL, NULL, 'სადეი ჰადაიდის სიცოცხლის წყაროს გარეკანი', 'სადეი ჰადაიდის სიცოცხლის წყაროს გარეკანი', NULL),
(32, 24, 'ge', 'შ. კალანდარიშვილი', NULL, NULL, NULL, 'შ. კალანდარიშვილი', 'შ. კალანდარიშვილი', NULL),
(33, 25, 'ge', 'შებორკილი', NULL, NULL, NULL, NULL, NULL, NULL),
(34, 26, 'ge', 'ლინა აბუაშვილი', NULL, NULL, NULL, 'ლინა აბუაშვილი', 'ლინა აბუაშვილი', NULL),
(35, 27, 'ge', 'მ. თურქესტანაშვილი', NULL, NULL, NULL, 'მ. თურქესტანაშვილი', 'მ. თურქესტანაშვილი', NULL),
(36, 28, 'ge', 'კომპოზიცია', NULL, 'ქაღალდი', 'ტემპერა', 'კომპოზიცია', 'კომპოზიცია', NULL),
(37, 29, 'ge', 'ქალის პორტრეტი', NULL, 'ტილო', 'ზეთი', 'ქალის პორტრეტი', 'ქალის პორტრეტი', NULL),
(38, 30, 'ge', 'პორტრეტი', NULL, 'მუყაო', 'ზეთი', 'პორტრეტი', 'პორტრეტი', NULL),
(39, 31, 'ge', 'ნიუ', NULL, 'მუყაო', 'ზეთი', 'ნიუ', 'ნიუ', NULL),
(40, 32, 'ge', 'კომპოზიცია', NULL, 'მუყაო', 'ზეთი', 'კომპოზიცია', 'კომპოზიცია', NULL),
(41, 33, 'ge', 'ნატურმორტი', NULL, 'მუყაო', 'ზეთი', 'ნატურმორტი', 'ნატურმორტი', NULL),
(42, 34, 'ge', 'სანაპირო', NULL, 'მუყაო', 'ზეთი', 'სანაპირო', 'სანაპირო', NULL),
(43, 35, 'ge', 'სანაპირო', NULL, 'მუყაო', 'ზეთი', 'სანაპირო', 'სანაპირო', NULL),
(44, 36, 'ge', 'ქალის პორტრეტი', NULL, 'მუყაო', 'ზეთი', 'ქალის პორტრეტი', 'ქალის პორტრეტი', NULL),
(45, 37, 'ge', 'გოგონა', NULL, 'მუყაო', 'ზეთი', 'გოგონა', 'გოგონა', NULL),
(46, 38, 'ge', 'ორთაბრძოლა', NULL, 'ტილო', 'ზეთი', 'ორთაბრძოლა', 'ორთაბრძოლა', NULL),
(47, 39, 'ge', 'ახალქალაქი', NULL, 'მუყაო', 'ზეთი', 'ახალქალაქი', 'ახალქალაქი', NULL),
(48, 40, 'ge', 'ქალის პორტრეტი', NULL, 'მუყაო', 'ზეთი', 'ქალის პორტრეტი', 'ქალის პორტრეტი', NULL),
(49, 41, 'ge', 'მამაკაცის პორტრეტი', NULL, 'მუყაო', 'ზეთი', 'მამაკაცის პორტრეტი', 'მამაკაცის პორტრეტი', NULL),
(50, 42, 'ge', 'ქალის პორტრეტი', NULL, 'მუყაო', 'ზეთი', 'ქალის პორტრეტი', 'ქალის პორტრეტი', NULL),
(51, 43, 'ge', 'პორტრეტი', NULL, 'მუყაო', 'ზეთი', 'პორტრეტი', 'პორტრეტი', NULL),
(52, 44, 'ge', 'ასფურცელას გარეკანი', NULL, NULL, NULL, 'ასფურცელას გარეკანი', 'ასფურცელას გარეკანი', NULL),
(54, 46, 'ge', 'კომპოზიცია', NULL, 'ქაღალდი', 'აკვარელი', 'კომპოზიცია', 'კომპოზიცია', NULL),
(55, 47, 'ge', 'პეიზაჟი', NULL, 'ქაღალდი', 'აკვარელი', 'პეიზაჟი', 'პეიზაჟი', NULL),
(56, 48, 'ge', 'კომპოზიცია', NULL, 'მუყაო', 'ზეთი', '20-kompozitsia', NULL, NULL),
(57, 49, 'ge', 'თეთრი მთები', NULL, 'ქაღალდი', 'ტემპერა', '26-tetri mtebi', NULL, NULL),
(58, 50, 'ge', 'პეიზაჟი', NULL, 'ქაღალდი', 'აკვარელი', 'პეიზაჟი', 'პეიზაჟი', NULL),
(59, 51, 'ge', 'კომპოზიცია', NULL, 'ტილო', 'ზეთი', '28-kompozicia', NULL, NULL),
(60, 52, 'ge', 'კომპოზიცია', NULL, 'ტილო', 'ზეთი', '29-kompozicia', NULL, NULL),
(61, 53, 'ge', 'პეიზაჟი', NULL, 'ქაღალდი', 'აკვარელი', 'პეიზაჟი', 'პეიზაჟი', NULL),
(62, 54, 'ge', 'კომპოზიცია', NULL, 'ტილო', 'ზეთი', '30-kompozicia', NULL, NULL),
(63, 55, 'ge', 'პეიზაჟი', NULL, 'ქაღალდი', 'აკვარელი', 'პეიზაჟი', 'პეიზაჟი', NULL),
(64, 56, 'ge', 'კომპოზიცია', NULL, 'მუყაო', 'ზეთი', '31-kompozicia', NULL, NULL),
(65, 57, 'ge', 'პეიზაჟი', NULL, 'ქაღალდი', 'აკვარელი', '44-peizaji', NULL, NULL),
(66, 58, 'ge', 'შიშველი მოდელი', NULL, 'ქაღალდი', 'სანგინა', '37-shishveli modeli', NULL, NULL),
(67, 59, 'ge', 'მედაირე ქალი', NULL, NULL, 'ოფორტი', '38-medaire qali', NULL, NULL),
(70, 62, 'ge', 'პეიზაჟი', NULL, 'ქაღალდი', 'აკვარელი', 'პეიზაჟი', 'პეიზაჟი', NULL),
(72, 64, 'ge', 'პეიზაჟი', NULL, 'ქაღალდი', 'აკვარელი', 'პეიზაჟი', 'პეიზაჟი', NULL),
(74, 66, 'ge', 'შიშველი მოდელი', NULL, NULL, 'ოფორტი', '39-shishveli-modeli', NULL, NULL),
(75, 67, 'ge', 'შიშველი მოდელი', NULL, NULL, 'ოფორტი', '40-shishveli modeli', NULL, NULL),
(76, 68, 'ge', 'ქალის პორტრეტი', NULL, 'ქაღალდი', 'სანგინა', '36-qalis portreti', NULL, NULL),
(77, 69, 'ge', 'ნატურმორტი', NULL, 'მუყაო', 'ტემპერა', '41-naturmorti', NULL, NULL),
(78, 70, 'ge', 'სასწავლო მოდელი', NULL, 'ტილო', 'ზეთი', 'სასწავლო მოდელი', 'სასწავლო მოდელი', NULL),
(79, 71, 'ge', 'შიშველი მოდელი', NULL, 'მუყაო', 'ტემპერა', 'შიშველი მოდელი', 'შიშველი მოდელი', NULL),
(80, 72, 'ge', 'შიშველი მოდელი', NULL, 'ტილო', 'ზეთი', 'შიშველი მოდელი', 'შიშველი მოდელი', NULL),
(81, 73, 'ge', 'კომპოზიცია', NULL, 'ქაღალდი', 'ტემპერა', 'კომპოზიცია', 'კომპოზიცია', NULL),
(82, 74, 'ge', 'ქალი ხალიჩის ფონზე', NULL, 'ტილო', 'ზეთი', 'ქალი ხალიჩის ფონზე', 'ქალი ხალიჩის ფონზე', NULL),
(83, 75, 'ge', 'პეიზაჟი', NULL, 'ქაღალდი', 'აკვარელი', 'პეიზაჟი', 'პეიზაჟი', NULL),
(84, 76, 'ge', 'მენატურე ქალი', NULL, 'მუყაო', 'ზეთი', 'მენატურე ქალი', 'მენატურე ქალი', NULL),
(85, 77, 'ge', 'კომპოზიცია', NULL, 'ქაღალდი', 'ტემპერა', 'კომპოზიცია', 'კომპოზიცია', NULL),
(86, 78, 'ge', 'კომპოზიცია', NULL, 'ქაღალდი', 'ტემპერა', 'კომპოზიცია', 'კომპოზიცია', NULL),
(87, 79, 'ge', 'კომპოზიცია', NULL, 'ქაღალდი', 'ტემპერა', 'კომპოზიცია', 'კომპოზიცია', NULL),
(88, 80, 'ge', 'კომპოზიცია', NULL, 'მუყაო', 'ტემპერა', 'კომპოზიცია', 'კომპოზიცია', NULL),
(90, 82, 'ge', 'კომპოზიცია', NULL, 'ქაღალდი', 'ტემპერა', 'კომპოზიცია', 'კომპოზიცია', NULL),
(91, 83, 'ge', 'რაგბი', NULL, 'ქაღალდი', 'აკვარელი', 'რაგბი', 'რაგბი', NULL),
(92, 84, 'ge', 'კომპოზიცია', NULL, 'ქაღალდი', 'ტემპერა', 'კომპოზიცია', 'კომპოზიცია', NULL),
(93, 85, 'ge', 'ქალის პორტრეტი', NULL, 'ქაღალდი', 'ფანქარი', 'ქალის პორტრეტი', 'ქალის პორტრეტი', NULL),
(94, 86, 'ge', 'მამაკაცის პორტრეტი', NULL, 'ქაღალდი', 'ფანქარი', 'მამაკაცის პორტრეტი', 'მამაკაცის პორტრეტი', NULL),
(95, 87, 'ge', 'პორტრეტი', NULL, 'ქაღალდი', 'ფანქარი, სოუსი', 'პორტრეტი', 'პორტრეტი', NULL),
(96, 88, 'ge', 'კომპოზიცია', NULL, 'ქაღალდი', 'ტემპერა', 'კომპოზიცია', 'კომპოზიცია', NULL),
(97, 89, 'ge', 'კომპოზიცია', NULL, 'მუყაო', 'ტემპერა', 'კომპოზიცია', 'კომპოზიცია', NULL),
(98, 90, 'ge', 'პორტრეტი', NULL, 'ქაღალდი', 'ფანქარი', 'პორტრეტი', 'პორტრეტი', NULL),
(99, 91, 'ge', 'პორტრეტი', NULL, 'ქაღალდი', 'ფანქარი', 'პორტრეტი', 'პორტრეტი', NULL),
(100, 83, 'en', 'Rugby', NULL, 'Paper', 'Watercolor', 'Rugby', NULL, NULL),
(101, 91, 'en', 'Portrait', NULL, 'Paper', 'Pencil', 'Portrait', 'Portrait', NULL),
(102, 90, 'en', 'Portrait', NULL, 'Paper', 'Pencil', 'Portrait', 'Portrait', NULL),
(103, 89, 'en', 'Composition', NULL, 'Cardboard', 'Tempera', 'Composition', 'Composition', NULL),
(104, 10, 'en', 'Nude', NULL, 'Paper', 'ink', 'Nude', 'Nude', NULL),
(105, 87, 'en', 'Portrait', NULL, 'Paper', 'Pencil, Souse', 'Portrait', 'Portrait', NULL),
(106, 86, 'en', 'Portrait of an unknown  man', NULL, 'Paper', 'pencil', 'Portrait of an unknown Man', 'Portrait of an unknown Man', NULL),
(107, 85, 'en', 'Woman\'s portrait', NULL, 'Paper', 'Pencil', 'Woman\'s portrait', 'Woman\'s portrait', NULL),
(108, 84, 'en', 'Composition', NULL, 'Paper', 'Tempera', 'Composition', 'Composition', NULL),
(109, 82, 'en', 'Portrait', NULL, 'Paper', 'Tempera', 'Portrait', 'Portrait', NULL),
(110, 92, 'ge', 'ხეობა', NULL, 'ქაღალდი', 'ტემპერა', 'ხეობა', 'ხეობა', NULL),
(111, 80, 'en', 'Composition', NULL, 'Cardboard', 'Tempera', 'Composition', 'Composition', NULL),
(112, 78, 'en', 'Composition', NULL, 'Paper', 'Tempera', 'Composition', 'Composition', NULL),
(113, 93, 'ge', 'ოქროსფერი ზღვა', NULL, 'ტილო', 'ზეთი', 'ოქროსფერი ზღვა', 'ოქროსფერი ზღვა', NULL),
(114, 20, 'en', 'Giga Lortkipanidze\'s Portrait', NULL, 'Paper', 'Pencil', 'Giga Lortkipanidze\'s Portrait', 'Giga Lortkipanidze\'s Portrait', NULL),
(115, 93, 'en', 'Golden Sea', NULL, 'canvas', 'oil', 'Golden Sea', 'Golden Sea', NULL),
(116, 92, 'en', 'Valley', NULL, 'Paper', 'Tempera', 'Valley', 'Valley', NULL),
(117, 88, 'en', 'Composition', NULL, 'Paper', 'Tempera', 'composition', 'Composition', NULL),
(118, 94, 'ge', 'პორტრეტი', NULL, 'მუყაო', 'ზეთი', 'პორტრეტი', 'პორტრეტი', NULL),
(119, 95, 'ge', 'ნატურმორტი', NULL, 'მუყაო', 'ზეთი', 'ნატურმორტი', 'ნატურმორტი', NULL),
(120, 95, 'en', 'Still life', NULL, 'Cardboard', 'oil', 'Still life', 'Still life', NULL),
(121, 96, 'ge', 'სანაპირო', NULL, 'მუყაო', 'ტემპერა', 'სანაპირო', 'სანაპირო', NULL),
(122, 97, 'ge', 'თეძმის ხეობა', NULL, 'მუყაო', 'ზეთი', 'თეძმის ხეობა', 'თეძმის ხეობა', NULL),
(123, 98, 'ge', 'ზღვის ნაპირი', NULL, 'მუყაო', 'ზეთი', 'ზღვის ნაპირი', 'ზღვის ნაპირი', NULL),
(124, 99, 'ge', 'სოფელი', NULL, 'ტილო', 'ზეთი', 'სოფელი', 'სოფელი', NULL),
(125, 100, 'ge', 'ტყე', NULL, 'ტილო', 'ზეთი', 'ტყე', 'ტყე', NULL),
(126, 101, 'ge', 'ხეები', NULL, 'მუყაო', 'ზეთი', 'ხეები', 'ხეები', NULL),
(127, 102, 'ge', 'ოჯახი', NULL, 'მუყაო', 'ზეთი', 'ოჯახი', 'ოჯახი', NULL),
(128, 103, 'ge', 'ქართლი', NULL, 'მუყაო', 'ზეთი', 'ქართლი', 'ქართლი', NULL),
(129, 104, 'ge', 'პეიზაჟი', NULL, 'ქაღალდი', 'ტემპერა', 'პეიზაჟი', 'პეიზაჟი', NULL),
(130, 105, 'ge', 'წითელი მთები', NULL, 'მუყაო', 'ტემპერა', 'წითელი მთები', 'წითელი მთები', NULL),
(131, 106, 'ge', 'ხეობა', NULL, 'ქაღალდი', 'აკვარელი', 'ხეობა', 'ხეობა', NULL),
(132, 107, 'ge', 'პეიზაჟი', NULL, 'ქაღალდი', 'აკვარელი', 'პეიზაჟი', 'პეიზაჟი', NULL),
(133, 108, 'ge', 'პეიზაჟი', NULL, 'ქაღალდი', 'აკვარელი', 'პეიზაჟი', 'პეიზაჟი', NULL),
(134, 109, 'ge', 'ხეობა', NULL, 'მუყაო', 'ზეთი', 'ხეობა', 'ხეობა', NULL),
(135, 110, 'ge', 'სანაპირო', NULL, 'ქაღალდი', 'აკვარელი', 'სანაპირო', 'სანაპირო', NULL),
(136, 111, 'ge', 'პეიზაჟი', NULL, 'ქაღალდი', 'აკვარელი', 'პეიზაჟი', 'პეიზაჟი', NULL),
(137, 94, 'en', 'Portrait', NULL, NULL, NULL, NULL, NULL, NULL),
(138, 96, 'en', 'Beach', NULL, 'Cardboard', 'Tempera', 'Beach', 'Beach', NULL),
(139, 97, 'en', 'Tedzma Valley', NULL, 'Cardboard', 'Oil', 'Tedzma Valley', 'Tedzma Valley', NULL),
(140, 98, 'en', 'Beach', NULL, 'Cardboard', 'Oil', 'Beach', 'Beach', NULL),
(141, 99, 'en', 'Village', NULL, 'Canvas', 'Oil', 'Village', 'Village', NULL),
(142, 100, 'en', 'Forest', NULL, 'Canvas', 'Oil', 'Forest', 'Forest', NULL),
(143, 101, 'en', 'Trees', NULL, 'Cardboard', 'Oil', 'Trees', 'Trees', NULL),
(144, 102, 'en', 'Family', NULL, 'Cardboard', 'Oil', 'Family', 'Family', NULL),
(145, 103, 'en', 'Kartli', NULL, 'Cardboard', 'Oil', 'Kartli', 'Kartli', NULL),
(146, 104, 'en', 'Landscape', NULL, 'Paper', 'Tempera', 'Landscape', 'Landscape', NULL),
(147, 105, 'en', 'Red Mountains', NULL, 'Cardboard', 'Tempera', 'Red Mountains', 'Red Mountains', NULL),
(148, 106, 'en', 'Valley', NULL, 'Paper', 'Watercolor', 'Valley', 'Valley', NULL),
(149, 107, 'en', 'Landscape', NULL, 'Paper', 'Watercolor', 'Landscape', 'Landscape', NULL),
(150, 108, 'en', 'Landscape', NULL, 'Paper', 'Watercolor', 'Landscape', 'Landscape', NULL),
(151, 109, 'en', 'Valley', NULL, 'Cardboard', 'Oil', 'Valley', 'Valley', NULL),
(152, 110, 'en', 'Beach', NULL, 'Paper', 'Watercolor', 'Beach', 'Beach', NULL),
(153, 111, 'en', 'Landscape', NULL, 'Paper', 'Watercolor', 'Landscape', 'Landscape', NULL),
(154, 24, 'en', 'Sh. Kalandarishvili', NULL, NULL, NULL, 'Sh. Kalandarishvili', 'Sh. Kalandarishvili', NULL),
(155, 26, 'en', 'Lina Abuashvili', NULL, NULL, NULL, 'Lina Abuashvili', 'Lina Abuashvili', NULL),
(156, 27, 'en', 'M. Turkestanashvili', NULL, NULL, NULL, 'M. Turkestanashvili', 'M. Turkestanashvili', NULL),
(157, 112, 'ge', 'პიანისტი ტ. გვინერია', NULL, 'ტილო', 'ზეთი', 'პიანისტი ტ. გვინერია', 'პიანისტი ტ. გვინერია', NULL),
(158, 112, 'en', 'Pianist T. Ghvineria', NULL, 'Canvas', 'Oil', 'Pianist T. Ghvineria', 'Pianist T. Ghvineria', NULL),
(159, 113, 'ge', 'პროფესორი ი. შარლემანი', NULL, 'ტილო', 'ზეთი', 'პროფესორი ი. შარლემანი', 'პროფესორი ი. შარლემანი', NULL),
(164, 118, 'ge', 'პიანისტი ნანა გვასალია', NULL, 'ტილო', 'ზეთი', 'პიანისტი ნანა გვასალია', 'პიანისტი ნანა გვასალია', NULL),
(166, 120, 'ge', 'მამაკაცის პორტრეტი', NULL, 'მუყაო', 'ზეთი', 'მამაკაცის პორტრეტი', 'მამაკაცის პორტრეტი', NULL),
(167, 121, 'ge', 'ლალი', NULL, 'ტილო', 'ზეთი', 'ლალი', 'ლალი', NULL),
(168, 122, 'ge', 'მსახიობი ნ. პლოტნიკოვა', NULL, 'მუყაო', 'ზეთი', 'მსახიობი ნ. პლოტნიკოვა', 'მსახიობი ნ. პლოტნიკოვა', NULL),
(171, 125, 'ge', 'ბაია', NULL, 'ტილო', 'ზეთი', 'ბაია', 'ბაია', NULL),
(174, 127, 'ge', 'ფორმები პერსპექტივაში', NULL, 'მუყაო', 'ზეთი', 'ფორმები პერსპექტივაში', 'ფორმები პერსპექტივაში', NULL),
(176, 129, 'ge', 'სპა', NULL, 'ტილო', 'ზეთი', 'სპა', 'სპა', NULL),
(177, 130, 'ge', 'ავტოკარიკატურა', NULL, 'ქაღალდი', 'ტუში', 'ავტოკარიკატურა', 'ავტოკარიკატურა', NULL),
(178, 131, 'ge', 'მობანავენი', NULL, 'ტილო', 'ზეთი', 'მობანავენი', 'მობანავენი', NULL),
(179, 130, 'en', 'self-caricature', NULL, 'Paper', 'ink', 'self-caricature', 'self-caricature', NULL),
(180, 12, 'en', 'Nude', NULL, 'Paper', 'ink', 'Nude', 'Nude', NULL),
(181, 132, 'ge', 'პორტრეტი', NULL, 'ტილო', 'ზეთი', 'პორტრეტი', 'პორტრეტი', NULL),
(182, 13, 'en', 'Nude', NULL, 'Paper', 'Pencil', 'Nude', 'Nude', NULL),
(185, 14, 'en', 'Nude', NULL, 'Paper', 'Pencil', 'Nude', 'Nude', NULL),
(186, 135, 'ge', 'სოფლის ხედი', NULL, 'ტილო', 'ზეთი', 'სოფლის ხედი', 'სოფლის ხედი', NULL),
(187, 136, 'ge', 'სოფელი', NULL, 'ტილო', 'ზეთი', 'სოფელი', 'სოფელი', NULL),
(188, 137, 'ge', 'ხედი ფანჯრიდან', NULL, 'მუყაო', 'ზეთი', 'ხედი ფანჯრიდან', 'ხედი ფანჯრიდან', NULL),
(189, 15, 'en', 'Naked  Woman', NULL, 'Paper', 'ink', 'Naked  Woman', 'Naked  Woman', NULL),
(190, 138, 'ge', 'ქალაქი', NULL, 'ქაღალდი', 'ტემპერა', 'ქალაქი', 'ქალაქი', NULL),
(191, 139, 'ge', 'საბურთალო', NULL, 'მუყაო', 'ტემპერა', 'საბურთალო', 'საბურთალო', NULL),
(192, 140, 'ge', 'კიდევაც დაიზრდებიან (ესკიზი)', NULL, 'ქაღალდი', 'აკვარელი', 'კიდევაც დაიზრდებიან (ესკიზი)', 'კიდევაც დაიზრდებიან (ესკიზი)', NULL),
(193, 141, 'ge', 'ქალი ეროვნულ სამოსში', NULL, 'ქაღალდი', 'აკვარელი', 'ქალი ეროვნულ სამოსში', 'ქალი ეროვნულ სამოსში', NULL),
(195, 16, 'en', 'Portrait of unknown woman', NULL, 'Paper', 'Charcoal', 'Portrait of unknown woman', 'Portrait of unknown woman', NULL),
(196, 143, 'ge', 'უკანასკნელი გაჩერება', NULL, 'მუყაო', 'ზეთი', 'უკანასკნელი გაჩერება', 'უკანასკნელი გაჩერება', NULL),
(198, 17, 'en', 'The man with \"Kabalakhi\"', NULL, 'Paper', 'Felt-tip pen', 'The man with \"Kabalakhi\"', 'The man with \"Kabalakhi\"', NULL),
(199, 18, 'en', 'Portrait of an old man', NULL, 'Paper', 'Pencil', 'Portrait of an old man', 'Portrait of an old man', NULL),
(201, 146, 'ge', 'თინიკო', NULL, 'მუყაო', 'ზეთი', 'თინიკო', 'თინიკო', NULL),
(202, 19, 'en', 'Portrait of Guram Gelovani', NULL, 'Paper', 'Pencil', 'Portrait of Guram Gelovani', 'Portrait of Guram Gelovani', NULL),
(203, 146, 'en', 'Tiniko', NULL, 'Cardboard', 'oil', 'Tiniko', 'Tiniko', NULL),
(204, 147, 'ge', 'ორთაბრძოლა', NULL, 'ქაღალდი', 'გრავიურა, გუაში', 'ორთაბრძოლა', 'ორთაბრძოლა', NULL),
(206, 147, 'en', 'Battle', NULL, 'Paper', 'Engraving, gouache', 'Battle', 'Battle', NULL),
(207, 149, 'ge', 'სანაპირო', NULL, 'მუყაო, ტილო', 'ზეთი', 'სანაპირო', 'სანაპირო', NULL),
(208, 149, 'en', 'Beach', NULL, 'Cardboard, canvas', 'oil', 'Beach', 'Beach', NULL),
(209, 150, 'ge', 'პეიზაჟი', NULL, 'მუყაო, ტილო', 'ზეთი', 'პეიზაჟი', 'პეიზაჟი', 'collection'),
(210, 150, 'en', 'Landscape', NULL, 'Cardboard, canvas', 'oil', 'Landscape', 'Landscape', NULL),
(211, 151, 'ge', 'რაში', NULL, 'ქაღალდი', 'აკვარელი', 'რაში', 'რაში', NULL),
(212, 151, 'en', 'A horse', NULL, 'Paper', 'watercolour', 'A horse', 'A horse', NULL),
(213, 152, 'ge', 'გრემი', NULL, 'მუყაო', 'აკვარელი', 'გრემი', 'გრემი', NULL),
(214, 152, 'en', 'Gremi', NULL, 'Cardboard', 'watercolour', 'Gremi', 'Gremi', NULL),
(215, 153, 'ge', 'პეიზაჟი', NULL, 'მუყაო, ტილო', 'ზეთი', 'პეიზაჟი', 'პეიზაჟი', NULL),
(216, 153, 'en', 'Landscape', NULL, 'Cardboard, canvas', 'oil', 'Landscape', 'Landscape', NULL),
(217, 154, 'ge', 'ნანა', NULL, 'მუყაო, ტილო', 'ზეთი', 'ნანა', 'ნანა', NULL),
(218, 154, 'en', 'Nana', NULL, 'Cardboard, canvas', 'oil', 'Nana', 'Nana', NULL),
(219, 155, 'ge', 'პეიზაჟი', NULL, 'მუყაო, ტილო', 'ზეთი', 'პეიზაჟი', 'პეიზაჟი', NULL),
(220, 155, 'en', 'Landscape', NULL, 'Cardboard, canvas', 'oil', 'Landscape', 'Landscape', NULL),
(221, 156, 'ge', 'პეიზაჟი', NULL, 'მუყაო, ტილო', 'ზეთი', 'პეიზაჟი', 'პეიზაჟი', NULL),
(222, 156, 'en', 'Landscape', NULL, 'Cardboard, Canvas', 'Oil', 'Landscape', 'Landscape', NULL),
(223, 157, 'ge', 'მთები', NULL, 'ქაღალდი', 'აკვარელი', 'მთები', 'მთები', NULL),
(224, 157, 'en', 'Mountains', NULL, 'Paper', 'Watercolour', 'Mountains', 'Mountains', NULL);

-- --------------------------------------------------------

--
-- Структура таблицы `catalog_translations`
--

CREATE TABLE `catalog_translations` (
  `id` bigint(20) UNSIGNED NOT NULL,
  `catalog_id` bigint(20) UNSIGNED NOT NULL,
  `locale` varchar(255) COLLATE utf8mb4_unicode_ci NOT NULL,
  `name` varchar(255) COLLATE utf8mb4_unicode_ci NOT NULL,
  `description` text COLLATE utf8mb4_unicode_ci,
  `m_title` varchar(255) COLLATE utf8mb4_unicode_ci DEFAULT NULL,
  `m_description` text COLLATE utf8mb4_unicode_ci
) ENGINE=InnoDB DEFAULT CHARSET=utf8mb4 COLLATE=utf8mb4_unicode_ci;

--
-- Дамп данных таблицы `catalog_translations`
--

INSERT INTO `catalog_translations` (`id`, `catalog_id`, `locale`, `name`, `description`, `m_title`, `m_description`) VALUES
(1, 1, 'en', 'Painting', NULL, NULL, NULL),
(2, 2, 'en', 'Graphics', NULL, NULL, NULL),
(3, 3, 'en', 'Sculpture', NULL, NULL, NULL),
(4, 4, 'en', 'Illustration', NULL, NULL, NULL),
(5, 5, 'en', 'Watercolor', NULL, NULL, NULL),
(6, 1, 'ge', 'ფერწერა', NULL, NULL, NULL),
(7, 2, 'ge', 'გრაფიკა', NULL, NULL, NULL),
(8, 3, 'ge', 'ქანდაკება', NULL, NULL, NULL),
(9, 4, 'ge', 'ილუსტრაცია', NULL, NULL, NULL),
(10, 5, 'ge', 'აკვარელი', NULL, NULL, NULL),
(11, 6, 'ge', 'აბსტრაქციები', '<p>Lorem Ipsum საბეჭდი და ტიპოგრაფიული ინდუსტრიის უშინაარსო ტექსტია. იგი სტანდარტად 1500-იანი წლებიდან იქცა, როდესაც უცნობმა მბეჭდავმა ამწყობ დაზგაზე წიგნის საცდელი ეგზემპლარი დაბეჭდა. მისი ტექსტი არამარტო 5 საუკუნის მანძილზე შემორჩა, არამედ მან დღემდე, ელექტრონული ტიპოგრაფიის დრომდეც უცვლელად მოაღწია.</p>', 'აბსტრაქციები', 'აბსტრაქციები'),
(12, 7, 'ge', 'იმპრესიონიზმი', NULL, 'იმპრესიონიზმი', 'იმპრესიონიზმი'),
(13, 8, 'ge', 'რეალიზმი', NULL, 'რეალიზმი', 'რეალიზმი'),
(14, 9, 'ge', 'პუანტელიზმი', NULL, 'პუანტელიზმი', 'პუანტელიზმი'),
(15, 10, 'ge', 'კუბიზმი', NULL, 'კუბიზმი', 'კუბიზმი'),
(16, 11, 'ge', 'სიურეალიზმი', NULL, 'სიურეალიზმი', 'სიურეალიზმი'),
(18, 13, 'ge', 'პეიზაჟი', NULL, 'პეიზაჟი', 'პეიზაჟი'),
(19, 14, 'ge', 'ნატურმორტი', NULL, 'ნატურმორტი', 'ნატურმორტი'),
(20, 15, 'ge', 'კომპოზიცია', NULL, 'კომპოზიცია', 'კომპოზიცია'),
(21, 16, 'ge', 'ნიუ', NULL, 'ნიუ', 'ნიუ'),
(22, 17, 'ge', 'პორტრეტი', NULL, 'პორტრეტი გრაფიკა', 'პორტრეტი გრაფიკა'),
(23, 18, 'ge', 'ნიუ', NULL, 'ნიუ გრაფიკა', 'ნიუ გრაფიკა'),
(25, 6, 'en', 'Abtractions', NULL, 'Abtractions', 'Abtractions'),
(26, 7, 'en', 'Impressionism', NULL, 'Impressionism', 'Impressionism'),
(27, 8, 'en', 'Realism', NULL, 'Realism', 'Realism'),
(28, 9, 'en', 'Pointillism', NULL, 'Pointillism', 'Pointillism'),
(29, 10, 'en', 'Cubizm', NULL, 'Cubizm', 'Cubizm'),
(30, 11, 'en', 'Surrealism', NULL, 'Surrealism', 'Surrealism'),
(32, 13, 'en', 'Landscape', NULL, 'Landscape', 'Landscape'),
(33, 14, 'en', 'Still Life', NULL, 'Still Life', 'Still Life'),
(34, 15, 'en', 'Composition', NULL, 'Composition', 'Composition'),
(35, 16, 'en', 'Nu', NULL, 'Nu', 'Nu'),
(36, 17, 'en', 'Partrait', NULL, 'Partrait', 'Partrait'),
(37, 18, 'en', 'Nu', NULL, 'Nu', 'Nu'),
(39, 20, 'ge', 'ექსპრესიონიზმი', NULL, NULL, NULL),
(43, 20, 'en', 'expressionism', NULL, 'expressionism', 'expressionism'),
(44, 23, 'ge', 'მიმართულება', NULL, 'მიმართულება', 'მიმართულება'),
(45, 24, 'ge', 'ჟანრი', NULL, 'ჟანრი', 'ჟანრი'),
(46, 25, 'ge', 'ფატალური სცენა', NULL, 'ფატალური სცენა', 'ფატალური სცენა');

-- --------------------------------------------------------

--
-- Структура таблицы `media`
--

CREATE TABLE `media` (
  `id` bigint(20) UNSIGNED NOT NULL,
  `model_type` varchar(255) COLLATE utf8mb4_unicode_ci NOT NULL,
  `model_id` bigint(20) UNSIGNED NOT NULL,
  `collection_name` varchar(255) COLLATE utf8mb4_unicode_ci NOT NULL,
  `name` varchar(255) COLLATE utf8mb4_unicode_ci NOT NULL,
  `file_name` varchar(255) COLLATE utf8mb4_unicode_ci NOT NULL,
  `mime_type` varchar(255) COLLATE utf8mb4_unicode_ci DEFAULT NULL,
  `disk` varchar(255) COLLATE utf8mb4_unicode_ci NOT NULL,
  `size` bigint(20) UNSIGNED NOT NULL,
  `manipulations` json NOT NULL,
  `custom_properties` json NOT NULL,
  `responsive_images` json NOT NULL,
  `order_column` int(10) UNSIGNED DEFAULT NULL,
  `created_at` timestamp NULL DEFAULT NULL,
  `updated_at` timestamp NULL DEFAULT NULL
) ENGINE=InnoDB DEFAULT CHARSET=utf8mb4 COLLATE=utf8mb4_unicode_ci;

--
-- Дамп данных таблицы `media`
--

INSERT INTO `media` (`id`, `model_type`, `model_id`, `collection_name`, `name`, `file_name`, `mime_type`, `disk`, `size`, `manipulations`, `custom_properties`, `responsive_images`, `order_column`, `created_at`, `updated_at`) VALUES
(7, 'App\\UserMeta', 9, 'avatars', 'avatar', 'avatar.png', 'image/png', 'media', 8543, '[]', '[]', '[]', 1, '2020-02-21 08:32:37', '2020-02-21 08:32:37'),
(11, 'App\\Rubric', 5, 'catImages', 'photo1', 'photo1.png', 'image/png', 'media', 673900, '[]', '[]', '[]', 2, '2020-02-21 09:55:49', '2020-02-21 09:55:49'),
(48, 'App\\Slider', 1, 'sliders', 'painting', 'painting.jpg', 'image/jpeg', 'media', 311239, '[]', '[]', '[]', 36, NULL, NULL),
(50, 'App\\Slider', 2, 'sliders', 'kartina001', 'kartina001.jpg', 'image/jpeg', 'media', 48683, '[]', '[]', '[]', 37, NULL, NULL),
(68, 'App\\Post', 1, 'images', 'road234', 'road234.jpg', 'image/jpeg', 'media', 173643, '[]', '[]', '[]', 46, NULL, NULL),
(69, 'App\\Post', 2, 'images', 'thumb_m_12124 - Copy', 'thumb_m_12124---Copy.jpg', 'image/jpeg', 'media', 24221, '[]', '[]', '[]', 47, NULL, NULL),
(71, 'App\\Post', 5, 'images', 'gamofena-batumshi', 'gamofena-batumshi.jpg', 'image/jpeg', 'media', 320339, '[]', '[]', '[]', 49, NULL, NULL),
(82, 'App\\Post', 3, 'images', 'demo-11', 'demo-11.jpg', 'image/jpeg', 'media', 147218, '[]', '[]', '[]', 60, NULL, NULL),
(83, 'App\\Post', 4, 'images', 'demo-12', 'demo-12.jpg', 'image/jpeg', 'media', 61837, '[]', '[]', '[]', 61, NULL, NULL),
(87, 'App\\CatalogItem', 10, 'works', 'nu-1', 'nu-1.jpg', 'image/jpeg', 'media', 145378, '[]', '[]', '[]', 64, NULL, NULL),
(89, 'App\\CatalogItem', 12, 'works', 'nu-2', 'nu-2.jpg', 'image/jpeg', 'media', 105716, '[]', '[]', '[]', 65, NULL, NULL),
(90, 'App\\CatalogItem', 13, 'works', 'nu-3', 'nu-3.jpg', 'image/jpeg', 'media', 113507, '[]', '[]', '[]', 66, NULL, NULL),
(91, 'App\\CatalogItem', 14, 'works', 'nu-4', 'nu-4.jpg', 'image/jpeg', 'media', 140641, '[]', '[]', '[]', 67, NULL, NULL),
(92, 'App\\CatalogItem', 15, 'works', 'nu-5', 'nu-5.jpg', 'image/jpeg', 'media', 84784, '[]', '[]', '[]', 68, NULL, NULL),
(93, 'App\\CatalogItem', 16, 'works', 'portreti', 'portreti.jpg', 'image/jpeg', 'media', 132581, '[]', '[]', '[]', 69, NULL, NULL),
(94, 'App\\CatalogItem', 17, 'works', 'mamakaci-kabalakhit', 'mamakaci-kabalakhit.jpg', 'image/jpeg', 'media', 125365, '[]', '[]', '[]', 70, NULL, NULL),
(95, 'App\\CatalogItem', 18, 'works', 'mamakaci', 'mamakaci.jpg', 'image/jpeg', 'media', 141236, '[]', '[]', '[]', 71, NULL, NULL),
(96, 'App\\CatalogItem', 19, 'works', 'guram-gelovanis-portreti', 'guram-gelovanis-portreti.jpg', 'image/jpeg', 'media', 92570, '[]', '[]', '[]', 72, NULL, NULL),
(97, 'App\\CatalogItem', 20, 'works', 'gigs-lortkipanidzis-portreti', 'gigs-lortkipanidzis-portreti.jpg', 'image/jpeg', 'media', 64644, '[]', '[]', '[]', 73, NULL, NULL),
(98, 'App\\CatalogItem', 21, 'works', '1', '1.jpg', 'image/jpeg', 'media', 113635, '[]', '[]', '[]', 74, NULL, NULL),
(99, 'App\\CatalogItem', 23, 'works', '2', '2.jpg', 'image/jpeg', 'media', 136348, '[]', '[]', '[]', 75, NULL, NULL),
(100, 'App\\UserMeta', 11, 'avatars', 'ltavatar', 'ltavatar.jpg', 'image/jpeg', 'media', 16391, '[]', '[]', '[]', 76, NULL, NULL),
(101, 'App\\MediaItem', 8, 'noName', 'foto', 'foto.JPG', 'image/jpeg', 'media', 100105, '[]', '[]', '[]', 77, NULL, NULL),
(104, 'App\\MediaItem', 11, 'noName', 'foto (2)', 'foto-(2).JPG', 'image/jpeg', 'media', 77016, '[]', '[]', '[]', 80, NULL, NULL),
(110, 'App\\MediaItem', 17, 'noName', 'foto 6', 'foto-6.JPG', 'image/jpeg', 'media', 88575, '[]', '[]', '[]', 82, NULL, NULL),
(113, 'App\\MediaItem', 20, 'noName', '1 (1)', '1-(1).JPG', 'image/jpeg', 'media', 49123, '[]', '[]', '[]', 84, NULL, NULL),
(115, 'App\\MediaItem', 22, 'noName', '1 (4)', '1-(4).JPG', 'image/jpeg', 'media', 91537, '[]', '[]', '[]', 85, NULL, NULL),
(119, 'App\\CatalogItem', 24, 'works', 'statue-01', 'statue-01.jpg', 'image/jpeg', 'media', 832887, '[]', '[]', '[]', 87, NULL, NULL),
(120, 'App\\CatalogItem', 25, 'works', 'statue-02', 'statue-02.jpg', 'image/jpeg', 'media', 784639, '[]', '[]', '[]', 88, NULL, NULL),
(121, 'App\\CatalogItem', 26, 'works', 'statue-03', 'statue-03.jpg', 'image/jpeg', 'media', 923849, '[]', '[]', '[]', 89, NULL, NULL),
(122, 'App\\CatalogItem', 27, 'works', 'statue-04', 'statue-04.jpg', 'image/jpeg', 'media', 830949, '[]', '[]', '[]', 90, NULL, NULL),
(123, 'App\\MediaItem', 26, 'noName', '1 (1)', '1-(1).JPG', 'image/jpeg', 'media', 142218, '[]', '[]', '[]', 91, NULL, NULL),
(124, 'App\\MediaItem', 27, 'noName', '1 (2)', '1-(2).JPG', 'image/jpeg', 'media', 161009, '[]', '[]', '[]', 92, NULL, NULL),
(125, 'App\\MediaItem', 28, 'noName', '1 (2)', '1-(2).jpg', 'image/jpeg', 'media', 73186, '[]', '[]', '[]', 93, NULL, NULL),
(126, 'App\\MediaItem', 29, 'noName', '1 (6)', '1-(6).JPG', 'image/jpeg', 'media', 126627, '[]', '[]', '[]', 94, NULL, NULL),
(127, 'App\\MediaItem', 30, 'noName', '1 (4)', '1-(4).JPG', 'image/jpeg', 'media', 228036, '[]', '[]', '[]', 95, NULL, NULL),
(130, 'App\\MediaItem', 33, 'noName', '1 (7)', '1-(7).JPG', 'image/jpeg', 'media', 165317, '[]', '[]', '[]', 97, NULL, NULL),
(131, 'App\\MediaItem', 34, 'noName', '1 (8)', '1-(8).jpg', 'image/jpeg', 'media', 137792, '[]', '[]', '[]', 98, NULL, NULL),
(132, 'App\\MediaItem', 35, 'noName', '1 (10)', '1-(10).jpg', 'image/jpeg', 'media', 106936, '[]', '[]', '[]', 99, NULL, NULL),
(134, 'App\\MediaItem', 37, 'noName', '1 (9)', '1-(9).JPG', 'image/jpeg', 'media', 171641, '[]', '[]', '[]', 100, NULL, NULL),
(136, 'App\\MediaItem', 39, 'noName', '1 (1)', '1-(1).jpg', 'image/jpeg', 'media', 134801, '[]', '[]', '[]', 102, NULL, NULL),
(137, 'App\\MediaItem', 40, 'noName', '1 (5)', '1-(5).JPG', 'image/jpeg', 'media', 122154, '[]', '[]', '[]', 103, NULL, NULL),
(138, 'App\\MediaItem', 41, 'noName', '1 (9)', '1-(9).jpg', 'image/jpeg', 'media', 126686, '[]', '[]', '[]', 104, NULL, NULL),
(139, 'App\\MediaItem', 42, 'noName', '1 (7)', '1-(7).jpg', 'image/jpeg', 'media', 138933, '[]', '[]', '[]', 105, NULL, NULL),
(140, 'App\\MediaItem', 43, 'noName', '1 (1)', '1-(1).JPG', 'image/jpeg', 'media', 87150, '[]', '[]', '[]', 106, NULL, NULL),
(141, 'App\\MediaItem', 44, 'noName', '1 (2)', '1-(2).JPG', 'image/jpeg', 'media', 91711, '[]', '[]', '[]', 107, NULL, NULL),
(142, 'App\\MediaItem', 45, 'noName', '1 (3)', '1-(3).JPG', 'image/jpeg', 'media', 103356, '[]', '[]', '[]', 108, NULL, NULL),
(143, 'App\\CatalogItem', 28, 'works', '1 (1)', '1-(1).JPG', 'image/jpeg', 'media', 167644, '[]', '[]', '[]', 109, NULL, NULL),
(144, 'App\\CatalogItem', 29, 'works', '1 (1)', '1-(1).JPG', 'image/jpeg', 'media', 354251, '[]', '[]', '[]', 110, NULL, NULL),
(145, 'App\\CatalogItem', 30, 'works', '1 (2)', '1-(2).JPG', 'image/jpeg', 'media', 279975, '[]', '[]', '[]', 111, NULL, NULL),
(146, 'App\\CatalogItem', 31, 'works', 'niu_1', 'niu_1.JPG', 'image/jpeg', 'media', 313110, '[]', '[]', '[]', 112, NULL, NULL),
(147, 'App\\CatalogItem', 32, 'works', '1 (4)', '1-(4).JPG', 'image/jpeg', 'media', 171801, '[]', '[]', '[]', 113, NULL, NULL),
(148, 'App\\CatalogItem', 33, 'works', '1 (5)', '1-(5).JPG', 'image/jpeg', 'media', 302874, '[]', '[]', '[]', 114, NULL, NULL),
(149, 'App\\CatalogItem', 35, 'works', '1 (6)', '1-(6).JPG', 'image/jpeg', 'media', 323424, '[]', '[]', '[]', 115, NULL, NULL),
(150, 'App\\CatalogItem', 34, 'works', '1 (21)', '1-(21).JPG', 'image/jpeg', 'media', 268993, '[]', '[]', '[]', 116, NULL, NULL),
(151, 'App\\CatalogItem', 36, 'works', '1 (7)', '1-(7).JPG', 'image/jpeg', 'media', 341171, '[]', '[]', '[]', 117, NULL, NULL),
(152, 'App\\CatalogItem', 37, 'works', '1 (12)', '1-(12).JPG', 'image/jpeg', 'media', 114873, '[]', '[]', '[]', 118, NULL, NULL),
(153, 'App\\CatalogItem', 38, 'works', '1 (20)', '1-(20).JPG', 'image/jpeg', 'media', 315587, '[]', '[]', '[]', 119, NULL, NULL),
(154, 'App\\CatalogItem', 39, 'works', '1 (24)', '1-(24).JPG', 'image/jpeg', 'media', 216085, '[]', '[]', '[]', 120, NULL, NULL),
(155, 'App\\CatalogItem', 40, 'works', '1 (13)', '1-(13).JPG', 'image/jpeg', 'media', 292769, '[]', '[]', '[]', 121, NULL, NULL),
(156, 'App\\CatalogItem', 41, 'works', '1 (14)', '1-(14).JPG', 'image/jpeg', 'media', 275585, '[]', '[]', '[]', 122, NULL, NULL),
(157, 'App\\CatalogItem', 42, 'works', '1 (15)', '1-(15).JPG', 'image/jpeg', 'media', 228958, '[]', '[]', '[]', 123, NULL, NULL),
(158, 'App\\CatalogItem', 43, 'works', '1 (16)', '1-(16).JPG', 'image/jpeg', 'media', 268560, '[]', '[]', '[]', 124, NULL, NULL),
(159, 'App\\CatalogItem', 44, 'works', 'asfurcela', 'asfurcela.JPG', 'image/jpeg', 'media', 200323, '[]', '[]', '[]', 125, NULL, NULL),
(161, 'App\\CatalogItem', 46, 'works', '1 (1)', '1-(1).JPG', 'image/jpeg', 'media', 124743, '[]', '[]', '[]', 126, NULL, NULL),
(162, 'App\\CatalogItem', 47, 'works', '1 (2)', '1-(2).JPG', 'image/jpeg', 'media', 118937, '[]', '[]', '[]', 127, NULL, NULL),
(163, 'App\\CatalogItem', 49, 'works', '26-tetri mtebi', '26-tetri-mtebi.JPG', 'image/jpeg', 'media', 111713, '[]', '[]', '[]', 128, NULL, NULL),
(164, 'App\\CatalogItem', 50, 'works', '1 (4)', '1-(4).JPG', 'image/jpeg', 'media', 159187, '[]', '[]', '[]', 129, NULL, NULL),
(165, 'App\\CatalogItem', 51, 'works', '28-kompozicia', '28-kompozicia.JPG', 'image/jpeg', 'media', 178515, '[]', '[]', '[]', 130, NULL, NULL),
(166, 'App\\CatalogItem', 52, 'works', '29-kompozicia', '29-kompozicia.JPG', 'image/jpeg', 'media', 94138, '[]', '[]', '[]', 131, NULL, NULL),
(167, 'App\\CatalogItem', 53, 'works', '1 (5)', '1-(5).JPG', 'image/jpeg', 'media', 184334, '[]', '[]', '[]', 132, NULL, NULL),
(168, 'App\\CatalogItem', 54, 'works', '30-kompozicia', '30-kompozicia.JPG', 'image/jpeg', 'media', 76128, '[]', '[]', '[]', 133, NULL, NULL),
(169, 'App\\CatalogItem', 55, 'works', '1 (6)', '1-(6).JPG', 'image/jpeg', 'media', 151332, '[]', '[]', '[]', 134, NULL, NULL),
(170, 'App\\CatalogItem', 56, 'works', '31-kompozicia', '31-kompozicia.JPG', 'image/jpeg', 'media', 137873, '[]', '[]', '[]', 135, NULL, NULL),
(171, 'App\\CatalogItem', 57, 'works', '44-peizaji', '44-peizaji.JPG', 'image/jpeg', 'media', 151424, '[]', '[]', '[]', 136, NULL, NULL),
(172, 'App\\CatalogItem', 48, 'works', '20-kompozicia', '20-kompozicia.JPG', 'image/jpeg', 'media', 89430, '[]', '[]', '[]', 137, NULL, NULL),
(173, 'App\\CatalogItem', 58, 'works', '37-shishveli modeli', '37-shishveli-modeli.JPG', 'image/jpeg', 'media', 5425743, '[]', '[]', '[]', 138, NULL, NULL),
(174, 'App\\CatalogItem', 59, 'works', '38-medaire qali', '38-medaire-qali.JPG', 'image/jpeg', 'media', 7862957, '[]', '[]', '[]', 139, NULL, NULL),
(175, 'App\\CatalogItem', 62, 'works', '1 (7)', '1-(7).JPG', 'image/jpeg', 'media', 146483, '[]', '[]', '[]', 140, NULL, NULL),
(176, 'App\\CatalogItem', 64, 'works', '1 (8)', '1-(8).JPG', 'image/jpeg', 'media', 98908, '[]', '[]', '[]', 141, NULL, NULL),
(177, 'App\\CatalogItem', 66, 'works', '39-shishveli modeli', '39-shishveli-modeli.JPG', 'image/jpeg', 'media', 7125588, '[]', '[]', '[]', 142, NULL, NULL),
(178, 'App\\CatalogItem', 67, 'works', '40-shishveli modeli', '40-shishveli-modeli.JPG', 'image/jpeg', 'media', 313653, '[]', '[]', '[]', 143, NULL, NULL),
(179, 'App\\CatalogItem', 68, 'works', '36-qalis portreti', '36-qalis-portreti.JPG', 'image/jpeg', 'media', 6256532, '[]', '[]', '[]', 144, NULL, NULL),
(180, 'App\\CatalogItem', 69, 'works', '41-naturmorti', '41-naturmorti.JPG', 'image/jpeg', 'media', 5528538, '[]', '[]', '[]', 145, NULL, NULL),
(181, 'App\\CatalogItem', 70, 'works', '06-sascavlo modeli', '06-sascavlo-modeli.JPG', 'image/jpeg', 'media', 6615672, '[]', '[]', '[]', 146, NULL, NULL),
(182, 'App\\CatalogItem', 71, 'works', '10-shishveli  modeli', '10-shishveli--modeli.JPG', 'image/jpeg', 'media', 4586720, '[]', '[]', '[]', 147, NULL, NULL),
(183, 'App\\CatalogItem', 72, 'works', '11-shishveli modeli', '11-shishveli-modeli.JPG', 'image/jpeg', 'media', 240397, '[]', '[]', '[]', 148, NULL, NULL),
(184, 'App\\CatalogItem', 73, 'works', '1 (9)', '1-(9).JPG', 'image/jpeg', 'media', 127368, '[]', '[]', '[]', 149, NULL, NULL),
(185, 'App\\CatalogItem', 74, 'works', '13-qali xalichis ponze', '13-qali-xalichis-ponze.JPG', 'image/jpeg', 'media', 8070913, '[]', '[]', '[]', 150, NULL, NULL),
(186, 'App\\CatalogItem', 75, 'works', '1 (10)', '1-(10).JPG', 'image/jpeg', 'media', 159243, '[]', '[]', '[]', 151, NULL, NULL),
(187, 'App\\CatalogItem', 76, 'works', '14-menature qali', '14-menature-qali.JPG', 'image/jpeg', 'media', 193101, '[]', '[]', '[]', 152, NULL, NULL),
(188, 'App\\CatalogItem', 77, 'works', '1 (11)', '1-(11).JPG', 'image/jpeg', 'media', 153206, '[]', '[]', '[]', 153, NULL, NULL),
(189, 'App\\CatalogItem', 78, 'works', '1 (12)', '1-(12).JPG', 'image/jpeg', 'media', 114349, '[]', '[]', '[]', 154, NULL, NULL),
(190, 'App\\CatalogItem', 79, 'works', '1 (13)', '1-(13).JPG', 'image/jpeg', 'media', 169787, '[]', '[]', '[]', 155, NULL, NULL),
(191, 'App\\CatalogItem', 80, 'works', '1 (14)', '1-(14).JPG', 'image/jpeg', 'media', 131983, '[]', '[]', '[]', 156, NULL, NULL),
(193, 'App\\CatalogItem', 82, 'works', '1 (15)', '1-(15).JPG', 'image/jpeg', 'media', 137410, '[]', '[]', '[]', 157, NULL, NULL),
(194, 'App\\CatalogItem', 83, 'works', '1 (16)', '1-(16).JPG', 'image/jpeg', 'media', 247727, '[]', '[]', '[]', 158, NULL, NULL),
(195, 'App\\CatalogItem', 84, 'works', '1 (17)', '1-(17).JPG', 'image/jpeg', 'media', 212817, '[]', '[]', '[]', 159, NULL, NULL),
(196, 'App\\CatalogItem', 85, 'works', '1 (1)', '1-(1).JPG', 'image/jpeg', 'media', 121189, '[]', '[]', '[]', 160, NULL, NULL),
(197, 'App\\CatalogItem', 86, 'works', '1 (2)', '1-(2).JPG', 'image/jpeg', 'media', 142619, '[]', '[]', '[]', 161, NULL, NULL),
(198, 'App\\CatalogItem', 87, 'works', '1 (3)', '1-(3).JPG', 'image/jpeg', 'media', 157439, '[]', '[]', '[]', 162, NULL, NULL),
(199, 'App\\CatalogItem', 88, 'works', '1 (19)', '1-(19).JPG', 'image/jpeg', 'media', 172144, '[]', '[]', '[]', 163, NULL, NULL),
(200, 'App\\CatalogItem', 89, 'works', '1 (20)', '1-(20).JPG', 'image/jpeg', 'media', 152928, '[]', '[]', '[]', 164, NULL, NULL),
(201, 'App\\CatalogItem', 90, 'works', '1 (4)', '1-(4).JPG', 'image/jpeg', 'media', 118918, '[]', '[]', '[]', 165, NULL, NULL),
(202, 'App\\CatalogItem', 91, 'works', '1 (6)', '1-(6).JPG', 'image/jpeg', 'media', 228706, '[]', '[]', '[]', 166, NULL, NULL),
(203, 'App\\CatalogItem', 92, 'works', '01-xeoba', '01-xeoba.JPG', 'image/jpeg', 'media', 195597, '[]', '[]', '[]', 167, NULL, NULL),
(204, 'App\\CatalogItem', 93, 'works', '02-oqrosperi zgva', '02-oqrosperi-zgva.JPG', 'image/jpeg', 'media', 237109, '[]', '[]', '[]', 168, NULL, NULL),
(210, 'App\\UserMeta', 10, 'avatars', 'wsltwitter', 'wsltwitter.jpg', 'image/jpeg', 'media', 4714, '[]', '[]', '[]', 170, NULL, NULL),
(211, 'App\\CatalogItem', 94, 'works', '1 (28)', '1-(28).JPG', 'image/jpeg', 'media', 189219, '[]', '[]', '[]', 171, NULL, NULL),
(212, 'App\\CatalogItem', 95, 'works', '1 (27)', '1-(27).JPG', 'image/jpeg', 'media', 204388, '[]', '[]', '[]', 172, NULL, NULL),
(213, 'App\\CatalogItem', 96, 'works', '03-pliaji', '03-pliaji.JPG', 'image/jpeg', 'media', 203441, '[]', '[]', '[]', 173, NULL, NULL),
(214, 'App\\CatalogItem', 97, 'works', '04-tedzmis xeoba', '04-tedzmis-xeoba.JPG', 'image/jpeg', 'media', 238634, '[]', '[]', '[]', 174, NULL, NULL),
(215, 'App\\CatalogItem', 98, 'works', '05-zgvis napiri', '05-zgvis-napiri.JPG', 'image/jpeg', 'media', 262438, '[]', '[]', '[]', 175, NULL, NULL),
(216, 'App\\CatalogItem', 99, 'works', '08-sopeli', '08-sopeli.JPG', 'image/jpeg', 'media', 200727, '[]', '[]', '[]', 176, NULL, NULL),
(217, 'App\\CatalogItem', 100, 'works', '32-tye', '32-tye.JPG', 'image/jpeg', 'media', 229682, '[]', '[]', '[]', 177, NULL, NULL),
(218, 'App\\CatalogItem', 101, 'works', '43-xeebi', '43-xeebi.JPG', 'image/jpeg', 'media', 209222, '[]', '[]', '[]', 178, NULL, NULL),
(219, 'App\\CatalogItem', 102, 'works', '49-ojaxi', '49-ojaxi.JPG', 'image/jpeg', 'media', 276015, '[]', '[]', '[]', 179, NULL, NULL),
(220, 'App\\CatalogItem', 103, 'works', '50-kartli', '50-kartli.JPG', 'image/jpeg', 'media', 174778, '[]', '[]', '[]', 180, NULL, NULL),
(221, 'App\\CatalogItem', 104, 'works', '52-peizaji', '52-peizaji.JPG', 'image/jpeg', 'media', 220291, '[]', '[]', '[]', 181, NULL, NULL),
(222, 'App\\CatalogItem', 105, 'works', '53-witeli mtebi', '53-witeli-mtebi.JPG', 'image/jpeg', 'media', 180980, '[]', '[]', '[]', 182, NULL, NULL),
(223, 'App\\CatalogItem', 106, 'works', '54-xeoba', '54-xeoba.JPG', 'image/jpeg', 'media', 222138, '[]', '[]', '[]', 183, NULL, NULL),
(224, 'App\\CatalogItem', 107, 'works', '55-peizaji', '55-peizaji.JPG', 'image/jpeg', 'media', 175644, '[]', '[]', '[]', 184, NULL, NULL),
(225, 'App\\CatalogItem', 108, 'works', '56-peizaji', '56-peizaji.JPG', 'image/jpeg', 'media', 213624, '[]', '[]', '[]', 185, NULL, NULL),
(226, 'App\\CatalogItem', 109, 'works', '57-xeoba', '57-xeoba.JPG', 'image/jpeg', 'media', 136585, '[]', '[]', '[]', 186, NULL, NULL),
(227, 'App\\CatalogItem', 110, 'works', '58-pliaji', '58-pliaji.JPG', 'image/jpeg', 'media', 230277, '[]', '[]', '[]', 187, NULL, NULL),
(228, 'App\\CatalogItem', 111, 'works', '59-peizaji', '59-peizaji.JPG', 'image/jpeg', 'media', 186702, '[]', '[]', '[]', 188, NULL, NULL),
(229, 'App\\CatalogItem', 112, 'works', '12-pianisti t. gvineria', '12-pianisti-t.-gvineria.JPG', 'image/jpeg', 'media', 8465616, '[]', '[]', '[]', 189, NULL, NULL),
(230, 'App\\CatalogItem', 113, 'works', '33-profesori i. sharlemani', '33-profesori-i.-sharlemani.JPG', 'image/jpeg', 'media', 10062627, '[]', '[]', '[]', 190, NULL, NULL),
(231, 'App\\CatalogItem', 118, 'works', '35-pianisti nana gvasalia', '35-pianisti-nana-gvasalia.JPG', 'image/jpeg', 'media', 9489393, '[]', '[]', '[]', 191, NULL, NULL),
(232, 'App\\CatalogItem', 120, 'works', '42-mamakacis portreti', '42-mamakacis-portreti.JPG', 'image/jpeg', 'media', 8276480, '[]', '[]', '[]', 192, NULL, NULL),
(233, 'App\\CatalogItem', 121, 'works', '45-lali', '45-lali.JPG', 'image/jpeg', 'media', 7696318, '[]', '[]', '[]', 193, NULL, NULL),
(234, 'App\\CatalogItem', 122, 'works', '46-msaxiobi n. plotnikova', '46-msaxiobi-n.-plotnikova.JPG', 'image/jpeg', 'media', 6530597, '[]', '[]', '[]', 194, NULL, NULL),
(235, 'App\\CatalogItem', 125, 'works', 'baia', 'baia.JPG', 'image/jpeg', 'media', 291448, '[]', '[]', '[]', 195, NULL, NULL),
(236, 'App\\CatalogItem', 127, 'works', '21-pormebi perspeqtivashi', '21-pormebi-perspeqtivashi.JPG', 'image/jpeg', 'media', 194193, '[]', '[]', '[]', 196, NULL, NULL),
(237, 'App\\CatalogItem', 129, 'works', '23-spa', '23-spa.JPG', 'image/jpeg', 'media', 232140, '[]', '[]', '[]', 197, NULL, NULL),
(238, 'App\\CatalogItem', 130, 'works', '1 (1)', '1-(1).JPG', 'image/jpeg', 'media', 111182, '[]', '[]', '[]', 198, NULL, NULL),
(239, 'App\\CatalogItem', 131, 'works', '24-mobanaveni', '24-mobanaveni.JPG', 'image/jpeg', 'media', 9160488, '[]', '[]', '[]', 199, NULL, NULL),
(240, 'App\\CatalogItem', 132, 'works', '25-portreti', '25-portreti.JPG', 'image/jpeg', 'media', 8760457, '[]', '[]', '[]', 200, NULL, NULL),
(241, 'App\\CatalogItem', 135, 'works', '18-soplis xedi', '18-soplis-xedi.JPG', 'image/jpeg', 'media', 175588, '[]', '[]', '[]', 201, NULL, NULL),
(242, 'App\\CatalogItem', 136, 'works', '19-sopeli', '19-sopeli.JPG', 'image/jpeg', 'media', 259944, '[]', '[]', '[]', 202, NULL, NULL),
(243, 'App\\CatalogItem', 137, 'works', '47-xedi panjridan', '47-xedi-panjridan.JPG', 'image/jpeg', 'media', 10026315, '[]', '[]', '[]', 203, NULL, NULL),
(244, 'App\\CatalogItem', 138, 'works', '51-qalaqi', '51-qalaqi.JPG', 'image/jpeg', 'media', 125166, '[]', '[]', '[]', 204, NULL, NULL),
(245, 'App\\CatalogItem', 139, 'works', '07-saburtalo', '07-saburtalo.JPG', 'image/jpeg', 'media', 6817915, '[]', '[]', '[]', 205, NULL, NULL),
(246, 'App\\CatalogItem', 140, 'works', '09-kidevac daizrdebian (eskizi)', '09-kidevac-daizrdebian-(eskizi).JPG', 'image/jpeg', 'media', 248418, '[]', '[]', '[]', 206, NULL, NULL),
(247, 'App\\CatalogItem', 141, 'works', '15-qali erovnul samosshi', '15-qali-erovnul-samosshi.JPG', 'image/jpeg', 'media', 7519974, '[]', '[]', '[]', 207, NULL, NULL),
(248, 'App\\CatalogItem', 143, 'works', '17-ukanaskneli gachereba', '17-ukanaskneli-gachereba.JPG', 'image/jpeg', 'media', 172018, '[]', '[]', '[]', 208, NULL, NULL),
(249, 'App\\CatalogItem', 146, 'works', 'tiniko', 'tiniko.JPG', 'image/jpeg', 'media', 257037, '[]', '[]', '[]', 209, NULL, NULL),
(251, 'App\\CatalogItem', 147, 'works', '1 (2)', '1-(2).JPG', 'image/jpeg', 'media', 280168, '[]', '[]', '[]', 211, NULL, NULL),
(253, 'App\\CatalogItem', 149, 'works', '1 (3)', '1-(3).JPG', 'image/jpeg', 'media', 274503, '[]', '[]', '[]', 212, NULL, NULL),
(254, 'App\\CatalogItem', 150, 'works', '1 (4)', '1-(4).JPG', 'image/jpeg', 'media', 154281, '[]', '[]', '[]', 213, NULL, NULL),
(255, 'App\\CatalogItem', 151, 'works', '1 (5)', '1-(5).JPG', 'image/jpeg', 'media', 216322, '[]', '[]', '[]', 214, NULL, NULL),
(256, 'App\\CatalogItem', 152, 'works', '1 (6)', '1-(6).JPG', 'image/jpeg', 'media', 151415, '[]', '[]', '[]', 215, NULL, NULL),
(257, 'App\\CatalogItem', 153, 'works', '1 (7)', '1-(7).JPG', 'image/jpeg', 'media', 171173, '[]', '[]', '[]', 216, NULL, NULL),
(258, 'App\\CatalogItem', 154, 'works', '1 (8)', '1-(8).JPG', 'image/jpeg', 'media', 244560, '[]', '[]', '[]', 217, NULL, NULL),
(259, 'App\\CatalogItem', 155, 'works', '1 (9)', '1-(9).JPG', 'image/jpeg', 'media', 237430, '[]', '[]', '[]', 218, NULL, NULL),
(260, 'App\\CatalogItem', 156, 'works', '1 (10)', '1-(10).JPG', 'image/jpeg', 'media', 221214, '[]', '[]', '[]', 219, NULL, NULL),
(261, 'App\\CatalogItem', 157, 'works', '1 (11)', '1-(11).JPG', 'image/jpeg', 'media', 172119, '[]', '[]', '[]', 220, NULL, NULL),
(266, 'App\\Block', 11, 'blocks', 'avtori-mp', 'avtori-mp.jpg', 'image/jpeg', 'media', 81155, '[]', '[]', '[]', 221, NULL, NULL),
(267, 'App\\MediaItem', 49, 'images', 'picture', 'picture.jpg', 'image/jpeg', 'media', 530791, '[]', '[]', '[]', 222, NULL, NULL);

-- --------------------------------------------------------

--
-- Структура таблицы `media_items`
--

CREATE TABLE `media_items` (
  `id` bigint(20) UNSIGNED NOT NULL,
  `name` varchar(255) COLLATE utf8mb4_unicode_ci DEFAULT NULL,
  `created_at` timestamp NULL DEFAULT NULL,
  `updated_at` timestamp NULL DEFAULT NULL
) ENGINE=InnoDB DEFAULT CHARSET=utf8mb4 COLLATE=utf8mb4_unicode_ci;

--
-- Дамп данных таблицы `media_items`
--

INSERT INTO `media_items` (`id`, `name`, `created_at`, `updated_at`) VALUES
(1, NULL, '2020-03-01 17:24:29', '2020-03-01 17:24:29'),
(2, NULL, '2020-03-29 15:11:21', '2020-03-29 15:11:21'),
(3, NULL, '2020-04-11 05:54:00', '2020-04-11 05:54:00'),
(4, NULL, '2020-04-17 06:44:54', '2020-04-17 06:44:54'),
(5, NULL, '2020-04-20 06:50:26', '2020-04-20 06:50:26'),
(6, NULL, '2020-04-27 12:04:21', '2020-04-27 12:04:21'),
(7, NULL, '2020-04-27 12:16:43', '2020-04-27 12:16:43'),
(8, NULL, '2020-05-08 09:38:33', '2020-05-08 09:38:33'),
(9, NULL, '2020-05-08 09:45:58', '2020-05-08 09:45:58'),
(10, NULL, '2020-05-08 09:48:05', '2020-05-08 09:48:05'),
(11, NULL, '2020-05-08 09:54:49', '2020-05-08 09:54:49'),
(12, NULL, '2020-05-08 10:05:41', '2020-05-08 10:05:41'),
(13, NULL, '2020-05-08 10:07:22', '2020-05-08 10:07:22'),
(14, NULL, '2020-05-08 10:08:35', '2020-05-08 10:08:35'),
(15, NULL, '2020-05-08 10:09:07', '2020-05-08 10:09:07'),
(16, NULL, '2020-05-08 10:09:51', '2020-05-08 10:09:51'),
(17, NULL, '2020-05-08 10:13:29', '2020-05-08 10:13:29'),
(18, NULL, '2020-05-08 10:15:49', '2020-05-08 10:15:49'),
(19, NULL, '2020-05-08 10:16:56', '2020-05-08 10:16:56'),
(20, NULL, '2020-05-08 11:02:26', '2020-05-08 11:02:26'),
(21, NULL, '2020-05-08 11:21:33', '2020-05-08 11:21:33'),
(22, NULL, '2020-05-08 11:23:10', '2020-05-08 11:23:10'),
(23, NULL, '2020-05-08 11:29:45', '2020-05-08 11:29:45'),
(24, NULL, '2020-05-08 12:21:13', '2020-05-08 12:21:13'),
(25, NULL, '2020-05-08 12:22:23', '2020-05-08 12:22:23'),
(26, NULL, '2020-05-08 12:46:28', '2020-05-08 12:46:28'),
(27, NULL, '2020-05-08 12:47:45', '2020-05-08 12:47:45'),
(28, NULL, '2020-05-08 12:48:39', '2020-05-08 12:48:39'),
(29, NULL, '2020-05-08 12:49:54', '2020-05-08 12:49:54'),
(30, NULL, '2020-05-08 12:52:25', '2020-05-08 12:52:25'),
(31, NULL, '2020-05-08 13:02:09', '2020-05-08 13:02:09'),
(32, NULL, '2020-05-08 13:05:45', '2020-05-08 13:05:45'),
(33, NULL, '2020-05-08 13:13:52', '2020-05-08 13:13:52'),
(34, NULL, '2020-05-08 13:17:22', '2020-05-08 13:17:22'),
(35, NULL, '2020-05-08 13:18:08', '2020-05-08 13:18:08'),
(36, NULL, '2020-05-08 13:24:27', '2020-05-08 13:24:27'),
(37, NULL, '2020-05-08 13:24:52', '2020-05-08 13:24:52'),
(38, NULL, '2020-05-08 13:25:56', '2020-05-08 13:25:56'),
(39, NULL, '2020-05-08 13:26:31', '2020-05-08 13:26:31'),
(40, NULL, '2020-05-08 13:31:19', '2020-05-08 13:31:19'),
(41, NULL, '2020-05-08 13:35:21', '2020-05-08 13:35:21'),
(42, NULL, '2020-05-08 13:36:16', '2020-05-08 13:36:16'),
(43, NULL, '2020-05-08 13:41:49', '2020-05-08 13:41:49'),
(44, NULL, '2020-05-08 13:42:37', '2020-05-08 13:42:37'),
(45, NULL, '2020-05-08 13:43:06', '2020-05-08 13:43:06'),
(46, NULL, '2020-05-21 14:02:31', '2020-05-21 14:02:31'),
(47, NULL, '2020-05-21 14:05:00', '2020-05-21 14:05:00'),
(48, NULL, '2020-05-21 14:08:33', '2020-05-21 14:08:33'),
(49, NULL, '2020-05-27 15:04:59', '2020-05-27 15:04:59');

-- --------------------------------------------------------

--
-- Структура таблицы `media_translations`
--

CREATE TABLE `media_translations` (
  `id` bigint(20) UNSIGNED NOT NULL,
  `media_id` bigint(20) UNSIGNED NOT NULL,
  `locale` varchar(255) COLLATE utf8mb4_unicode_ci NOT NULL,
  `title` varchar(255) COLLATE utf8mb4_unicode_ci DEFAULT NULL,
  `alt` varchar(255) COLLATE utf8mb4_unicode_ci DEFAULT NULL,
  `description` text COLLATE utf8mb4_unicode_ci
) ENGINE=InnoDB DEFAULT CHARSET=utf8mb4 COLLATE=utf8mb4_unicode_ci;

--
-- Дамп данных таблицы `media_translations`
--

INSERT INTO `media_translations` (`id`, `media_id`, `locale`, `title`, `alt`, `description`) VALUES
(3, 11, 'en', 'test collection', 'test', 'test'),
(4, 7, 'en', 'admin user', 'avatar admin', 'admin avatar'),
(14, 87, 'ge', 'ნიუ', 'ქაღალდი, ტუში, 50×30', 'ქაღალდი ტუში 1966წ 50×30'),
(15, 89, 'ge', 'ნიუ', 'ქაღალდი ტუში 1966წ 50×30', 'ქაღალდი ტუში 1966 წ 50×30'),
(16, 90, 'ge', 'ნიუ', 'ქაღალდი ფანქარი 1998 წ 50×30', 'ქაღალდი ფანქარი 1998 წ 50×30'),
(17, 91, 'ge', 'ნიუ', 'ქაღალდი ფანქარი 1998 წ 30×25', 'ქაღალდი ფანქარი 1998 წ 30×25'),
(18, 92, 'ge', 'შიშველი ქალი', 'ქაღალდი ფანქარი 1998წ 25×30', 'ქაღალდი ფანქარი 1998წ 25×30'),
(19, 93, 'ge', 'პორტრეტი', 'ქაღალდი ნახშირი 1970წ 55×18', 'ქაღალდი ნახშირი 1970წ 55×18'),
(20, 94, 'ge', 'მამაკაცი ყაბალახით', 'ქაღალდი ფლომასტერი 1962 წ 30×25', 'ქაღალდი ფლომასტერი 1962 წ 30×25'),
(21, 95, 'ge', 'მამაკაცი', 'ქაღალდი ფანქარი  1948წ 30×25', 'ქაღალდი ფანქარი  1948წ 30×25'),
(22, 96, 'ge', 'გურამ გელოვანის პორტრეტი', 'ქაღალდი, ფანქარი, 1950 წ. 30×25', 'ქაღალდი, ფანქარი, 1950 წ. 30×25'),
(23, 97, 'ge', 'გიგა ლორთქიფანიძის პორტრეტი', 'ქაღალდი ფანქარი 1954 წ 25×20', 'ქაღალდი ფანქარი 1954 წ 25×20'),
(24, 101, 'ge', '50-იანი წლები', NULL, 'მარცხნიდან მარჯვნივ: ს.ჩახოიანცი, დიმიტრი ხახუტაშვილი, ჯ.კაკაბაძე'),
(27, 104, 'ge', '50-იანი წლები', NULL, 'გ. ოჩიაური, რ. ცუცქირიძე, კ.მახარაძე, დიმიტრი ხახუტაშვილი, გ.თოთიბაძე'),
(30, 110, 'ge', '80-იანი წლები', NULL, 'თ.ჯინჭარაძე, გ.ოჩიაური, დიმიტრი ხახუტაშვილი'),
(33, 113, 'ge', '80-იანი წლები', NULL, NULL),
(34, 115, 'ge', '80-იანი წლები', NULL, 'ცხონდია, ს.გრიგოლია,ო.ჩუბინიძე, თ.ხუციშვილი, დიმიტრი ხახუტაშვილი'),
(36, 123, 'ge', '80-იანი წლები', NULL, NULL),
(37, 124, 'ge', '60-იანი წლები', NULL, NULL),
(38, 125, 'ge', '80 იანი წლები', NULL, 'დიპლომების დაცვა -დ.ხახუტაშვილი, გ.თოთიბაძე, ზ. ნიჟარაძე'),
(39, 126, 'ge', '30-იანი წლები', NULL, 'დიმიტრი ხახუტაშვილი და მამა - გოგი ხახუტაშვილი'),
(40, 130, 'ge', '30-იანი წლები', NULL, NULL),
(41, 131, 'ge', '80-იანი წლები', NULL, NULL),
(42, 132, 'ge', '60-იანი წლები', NULL, 'ზედა რიგი - თ.ხუციშვილი,  ო.ჯაფარიძე,  გ.ჩირინაშვილი, ბ. შველიძე,  დ. გაბიტაშვილი,  კეშელავა, ი. პატაშური, დ.თაყაიშვილი, ლ. კვასხვაძე,  ვ.მდივანი, თ.ჯინჭარაძე,  გ.თოთიბაძე(უცნობია) ი.მექვაბიშვილი,  გ. ქუთათელაძე.  ქვედა  რიგი - ს.ქობულაძე, ფ. ლაპიაშვილი, ...,უ.ჯაფარიძე, ნ.ცაგარელი, ვ.ჯაფარიძე, გ.ჯაში, კ.სანაძე, გ.სესიაშვილი. წინა რიგი - კ.მახარაძე და დიმიტრი ხახუტაშვილი'),
(43, 134, 'ge', '90-იანი წლები', NULL, NULL),
(45, 136, 'ge', '80-იანი წლები', NULL, 'ზედა რიგი - ცხონდია, ო.ჩუბინიძე, თ.ხუციშვილი, ბ.შველიძე, (უცნობია) კათედრის გამგის მდივანი, რ.კაკაბაძე, გ.მიზანდარი,ი. მექვაბიშვილი, გ.ნავროზაშვილი, გ,გუნია, დ. ხახუტაშვილი. ქვედა რიგი - დ.თაყაიშვილი, ფ.ლაპიაშვილი, კ. მახარაძე, კ.სანაძე, უ .ჯაფარიძე, გ. თოთიბაძე, მ.თუმანიშვილი, ლ.კვასხვაძე, ო.ჯაფარიძე.'),
(46, 137, 'ge', '70-იანი წლები', NULL, NULL),
(47, 138, 'ge', '80-იანი წლები', NULL, NULL),
(48, 139, 'ge', '80-იანი წლები', NULL, NULL),
(49, 140, 'ge', '80-იანი წლები', NULL, NULL),
(50, 141, 'ge', '80-იანი წლები', NULL, NULL),
(51, 142, 'ge', '80-იანი წლები', NULL, NULL),
(52, 202, 'ge', 'პორტრეტი', 'პორტრეტი', 'შექმნის თარიღი: 1980; მასალა: ქაღალდი; შესრულების ტექნიკა: ფანქარი; ზომა: 25x18'),
(53, 87, 'en', 'Nude', NULL, NULL),
(54, 267, 'ge', '1111111', '11111111', '11111');

-- --------------------------------------------------------

--
-- Структура таблицы `menus`
--

CREATE TABLE `menus` (
  `id` bigint(20) UNSIGNED NOT NULL,
  `created_at` timestamp NULL DEFAULT NULL,
  `updated_at` timestamp NULL DEFAULT NULL,
  `type` varchar(100) COLLATE utf8mb4_unicode_ci DEFAULT NULL
) ENGINE=InnoDB DEFAULT CHARSET=utf8mb4 COLLATE=utf8mb4_unicode_ci;

--
-- Дамп данных таблицы `menus`
--

INSERT INTO `menus` (`id`, `created_at`, `updated_at`, `type`) VALUES
(1, '2020-03-02 11:41:30', '2020-03-02 11:41:30', 'main-menu');

-- --------------------------------------------------------

--
-- Структура таблицы `menu_items`
--

CREATE TABLE `menu_items` (
  `id` bigint(20) UNSIGNED NOT NULL,
  `menu_id` bigint(20) UNSIGNED NOT NULL,
  `parent_id` bigint(20) UNSIGNED NOT NULL DEFAULT '0',
  `link` varchar(255) COLLATE utf8mb4_unicode_ci NOT NULL,
  `icon` varchar(50) COLLATE utf8mb4_unicode_ci DEFAULT NULL,
  `created_at` timestamp NULL DEFAULT NULL,
  `updated_at` timestamp NULL DEFAULT NULL,
  `position` int(11) NOT NULL DEFAULT '0'
) ENGINE=InnoDB DEFAULT CHARSET=utf8mb4 COLLATE=utf8mb4_unicode_ci;

--
-- Дамп данных таблицы `menu_items`
--

INSERT INTO `menu_items` (`id`, `menu_id`, `parent_id`, `link`, `icon`, `created_at`, `updated_at`, `position`) VALUES
(3, 1, 0, '/', NULL, '2020-03-02 11:45:57', '2020-05-24 14:48:21', 1),
(4, 1, 18, '/biografia', NULL, '2020-03-02 11:46:47', '2020-05-15 08:47:22', 1),
(5, 1, 0, '/blog/gamofenebi', NULL, '2020-03-09 08:57:43', '2020-05-24 14:48:21', 3),
(7, 1, 0, '/blog/publikatsiebi', NULL, '2020-03-09 09:22:57', '2020-05-24 14:48:21', 5),
(15, 1, 0, '/contacts', NULL, '2020-03-09 12:42:48', '2020-05-24 14:48:21', 6),
(16, 1, 18, '/photo-album', NULL, '2020-04-04 09:20:37', '2020-05-15 08:47:22', 2),
(17, 1, 18, '/blog/mogonebebi', NULL, '2020-04-06 04:46:25', '2020-05-15 08:39:19', 3),
(18, 1, 0, '#', NULL, '2020-04-06 04:49:00', '2020-05-24 14:48:21', 2),
(19, 1, 6, '/fertsera', NULL, '2020-04-10 08:22:48', '2020-04-10 08:23:07', 1),
(20, 1, 0, '/gallery', NULL, '2020-04-11 05:36:48', '2020-05-24 14:48:21', 4);

-- --------------------------------------------------------

--
-- Структура таблицы `menu_item_translations`
--

CREATE TABLE `menu_item_translations` (
  `id` bigint(20) UNSIGNED NOT NULL,
  `name` varchar(255) COLLATE utf8mb4_unicode_ci NOT NULL,
  `menu_item_id` bigint(20) UNSIGNED NOT NULL,
  `locale` varchar(255) COLLATE utf8mb4_unicode_ci NOT NULL
) ENGINE=InnoDB DEFAULT CHARSET=utf8mb4 COLLATE=utf8mb4_unicode_ci;

--
-- Дамп данных таблицы `menu_item_translations`
--

INSERT INTO `menu_item_translations` (`id`, `name`, `menu_item_id`, `locale`) VALUES
(3, 'Home', 3, 'en'),
(4, 'Biography', 4, 'en'),
(5, 'Exhibitions', 5, 'en'),
(7, 'Publications', 7, 'en'),
(15, 'Contact', 15, 'en'),
(17, 'მთავარი', 3, 'ge'),
(18, 'ბიოგრაფია', 4, 'ge'),
(19, 'გამოფენები', 5, 'ge'),
(21, 'პუბლიკაციები', 7, 'ge'),
(22, 'კონტაქტი', 15, 'ge'),
(23, 'ფოტოარქივი', 16, 'ge'),
(24, 'მოგონებები', 17, 'ge'),
(25, 'ბიოგრაფია', 18, 'ge'),
(26, 'Biography', 18, 'en'),
(27, 'ფერწერა', 19, 'ge'),
(28, 'გალერეა', 20, 'ge'),
(29, 'Gallery', 20, 'en'),
(30, 'Photo Archive', 16, 'en'),
(31, 'Memories', 17, 'en');

-- --------------------------------------------------------

--
-- Структура таблицы `menu_translations`
--

CREATE TABLE `menu_translations` (
  `id` bigint(20) UNSIGNED NOT NULL,
  `title` varchar(255) COLLATE utf8mb4_unicode_ci NOT NULL,
  `menu_id` bigint(20) UNSIGNED NOT NULL,
  `locale` varchar(255) COLLATE utf8mb4_unicode_ci NOT NULL
) ENGINE=InnoDB DEFAULT CHARSET=utf8mb4 COLLATE=utf8mb4_unicode_ci;

--
-- Дамп данных таблицы `menu_translations`
--

INSERT INTO `menu_translations` (`id`, `title`, `menu_id`, `locale`) VALUES
(1, 'Main menu', 1, 'en'),
(2, 'მთავარი მენიუ', 1, 'ge');

-- --------------------------------------------------------

--
-- Структура таблицы `migrations`
--

CREATE TABLE `migrations` (
  `id` int(10) UNSIGNED NOT NULL,
  `migration` varchar(255) COLLATE utf8mb4_unicode_ci NOT NULL,
  `batch` int(11) NOT NULL
) ENGINE=InnoDB DEFAULT CHARSET=utf8mb4 COLLATE=utf8mb4_unicode_ci;

--
-- Дамп данных таблицы `migrations`
--

INSERT INTO `migrations` (`id`, `migration`, `batch`) VALUES
(23, '2014_10_12_000000_create_users_table', 1),
(24, '2014_10_12_100000_create_password_resets_table', 1),
(25, '2015_08_06_184708_create_settings_table', 1),
(26, '2019_12_23_101823_create_pages_table', 1),
(27, '2020_01_09_091602_create_media_table', 1),
(28, '2020_01_09_093012_create_user_metas_table', 1),
(29, '2020_01_15_151325_create_rubrics_table', 1),
(30, '2020_01_15_151336_create_posts_table', 1),
(31, '2020_01_15_155057_create_post_rubrics_table', 1),
(32, '2020_02_20_164107_add_forignkey_to_users_neta_table', 1),
(34, '2020_02_28_083651_create_media_translations_table', 2),
(36, '2020_02_29_144856_create_media_items_table', 3),
(39, '2020_03_01_100953_create_menus_table', 4),
(40, '2020_03_01_101141_create_menu_items_table', 4),
(42, '2020_03_09_090614_add_position_to_menu_items_table', 5),
(52, '2020_03_10_193447_create_catalogs_table', 6),
(53, '2020_03_10_193558_create_catalog_items_table', 6),
(54, '2020_03_14_091622_create_catalog_items_relations_table', 6),
(55, '2020_03_17_162851_add_types_to_menus_table', 6),
(56, '2020_03_25_184036_create_sliders_table', 7),
(57, '2020_03_29_094406_create_blocks_table', 8),
(58, '2020_05_23_051617_add_collection_to_cat_item_table', 9),
(59, '2020_06_08_134308_add_active_column_to_catalog_items', 10);

-- --------------------------------------------------------

--
-- Структура таблицы `pages`
--

CREATE TABLE `pages` (
  `id` bigint(20) UNSIGNED NOT NULL,
  `slug` varchar(255) COLLATE utf8mb4_unicode_ci NOT NULL,
  `created_at` timestamp NULL DEFAULT NULL,
  `updated_at` timestamp NULL DEFAULT NULL
) ENGINE=InnoDB DEFAULT CHARSET=utf8mb4 COLLATE=utf8mb4_unicode_ci;

--
-- Дамп данных таблицы `pages`
--

INSERT INTO `pages` (`id`, `slug`, `created_at`, `updated_at`) VALUES
(7, '/', '2020-02-21 06:58:42', '2020-03-23 17:21:27'),
(8, 'biografia', '2020-04-01 10:13:30', '2020-04-01 16:15:53'),
(9, 'contacts', '2020-04-02 08:22:50', '2020-04-02 08:22:50');

-- --------------------------------------------------------

--
-- Структура таблицы `page_translations`
--

CREATE TABLE `page_translations` (
  `id` bigint(20) UNSIGNED NOT NULL,
  `page_id` bigint(20) UNSIGNED NOT NULL,
  `locale` varchar(255) COLLATE utf8mb4_unicode_ci NOT NULL,
  `title` varchar(255) COLLATE utf8mb4_unicode_ci NOT NULL,
  `body` text COLLATE utf8mb4_unicode_ci,
  `meta_title` varchar(255) COLLATE utf8mb4_unicode_ci DEFAULT NULL,
  `meta_description` text COLLATE utf8mb4_unicode_ci
) ENGINE=InnoDB DEFAULT CHARSET=utf8mb4 COLLATE=utf8mb4_unicode_ci;

--
-- Дамп данных таблицы `page_translations`
--

INSERT INTO `page_translations` (`id`, `page_id`, `locale`, `title`, `body`, `meta_title`, `meta_description`) VALUES
(1, 7, 'en', 'Home', '<h2>Что такое Lorem Ipsum?</h2>\r\n\r\n<p><strong><img alt=\"\" src=\"http://friendly.loc/storage/uploads/picture_1582870080.jpg\" style=\"float:left; height:324px; margin:16px; width:324px\" />Lorem Ipsum</strong>&nbsp;- это текст-&quot;рыба&quot;, часто используемый в печати и вэб-дизайне. Lorem Ipsum является стандартной &quot;рыбой&quot; для текстов на латинице с начала XVI века. В то время некий безымянный печатник создал большую коллекцию размеров и форм шрифтов, используя Lorem Ipsum для распечатки образцов. Lorem Ipsum не только успешно пережил без заметных изменений пять веков, но и перешагнул в электронный дизайн. Его популяризации в новое время послужили публикация листов Letraset с образцами Lorem Ipsum в 60-х годах и, в более недавнее время, программы электронной вёрстки типа Aldus PageMaker, в шаблонах которых используется Lorem Ipsum.</p>', 'home', 'home'),
(4, 7, 'ge', 'მთავარი', NULL, NULL, NULL),
(5, 8, 'ge', 'ბიოგრაფია', '<h2><img alt=\"\" src=\"https://wstester.biz.ua//media/113/1-%281%29.JPG\" style=\"float:left; height:359px; margin:10px 25px; width:260px\" />რის Lorem Ipsum?</h2>\r\n\r\n<p>Lorem Ipsum საბეჭდი და ტიპოგრაფიული ინდუსტრიის უშინაარსო ტექსტია. იგი სტანდარტად 1500-იანი წლებიდან იქცა, როდესაც უცნობმა მბეჭდავმა ამწყობ დაზგაზე წიგნის საცდელი ეგზემპლარი დაბეჭდა. მისი ტექსტი არამარტო 5 საუკუნის მანძილზე.</p>\r\n\r\n<p>ცნობილი ფაქტია, რომ გვერდის წაკითხვად შიგთავსს შეუძლია მკითხველის ყურადღება მიიზიდოს და დიზაინის აღქმაში ხელი შეუშალოს. Lorem Ipsum-ის გამოყენებით ვღებულობთ იმაზე მეტ-ნაკლებად სწორი გადანაწილების ტექსტს, ვიდრე ერთიდაიგივე გამეორებადი სიტყვებია ხოლმე. შედეგად, ტექსტი ჩვეულებრივ ინგლისურს გავს, მისი წაითხვა კი შეუძლებელია. დღეს უამრავი პერსონალური საგამომცემლო პროგრამა და ვებგვერდი იყენებს Lorem Ipsum-ს, როგორც დროებით ტექსტს წყობის შესავსებად; Lorem Ipsum-ის მოძებნისას კი საძიებო სისტემები ბევრ დაუსრულებელ გვერდს გვიჩვენებენ. წლების მანძილზე ამ ტექსტის უამრავი ვერსია გამოჩნდა, ზოგი შემთხვევით დაშვებული შეცდომის გამო, ზოგი კი &amp;mdash; განზრახ, ხუმრობით.</p>\r\n\r\n<div class=\"videoPlayer\"><a href=\"https://www.youtube.com/watch?v=2a9lSIYqrjk\">оарпвларпвлаорпвалопрвалопра</a></div>', 'ბიოგრაფია', 'დიმიტრი ხახუტაშვილის ბიოგრაფია'),
(6, 9, 'en', 'Contacts', '<p>Lorem Ipsum საბეჭდი და ტიპოგრაფიული ინდუსტრიის უშინაარსო ტექსტია. იგი სტანდარტად 1500-იანი წლებიდან იქცა, როდესაც უცნობმა მბეჭდავმა ამწყობ დაზგაზე წიგნის საცდელი ეგზემპლარი დაბეჭდა. მისი ტექსტი არამარტო 5 საუკუნის მანძილზე შემორჩა, არამედ მან დღემდე, ელექტრონული ტიპოგრაფიის დრომდეც უცვლელად მოაღწია. განსაკუთრებული პოპულარობა მას 1960-იან წლებში გამოსულმა Letraset-ის ცნობილმა ტრაფარეტებმა მოუტანა, უფრო მოგვიანებით კი &mdash; Aldus PageMaker-ის ტიპის საგამომცემლო პროგრამებმა, რომლებშიც Lorem Ipsum-ის სხვადასხვა ვერსიები იყო ჩაშენებული.</p>', 'contacts', 'contacts'),
(7, 8, 'en', 'Biography', '<h2>What is Lorem Ipsum?</h2>\r\n\r\n<p><img alt=\"\" src=\"https://wstester.biz.ua//media/60/author-img.png\" style=\"float:left; height:540px; margin:5px; width:531px\" />Lorem Ipsum is simply dummy text of the printing and typesetting industry. Lorem Ipsum has been the industry&#39;s standard dummy text ever since the 1500s, when an unknown printer took a galley of type and scrambled it to make a type specimen book. It has survived not only five centuries, but also the leap into electronic typesetting, remaining essentially unchanged. It was popularised in the 1960s with the release of Letraset sheets containing Lorem Ipsum passages, and more recently with desktop publishing software like Aldus PageMaker including versions of Lorem Ipsum.</p>\r\n\r\n<h3>Why do we use it?</h3>\r\n\r\n<p>It is a long established fact that a reader will be distracted by the readable content of a page when looking at its layout. The point of using Lorem Ipsum is that it has a more-or-less normal distribution of letters, as opposed to using &#39;Content here, content here&#39;, making it look like readable English. Many desktop publishing packages and web page editors now use Lorem Ipsum as their default model text, and a search for &#39;lorem ipsum&#39; will uncover many web sites still in their infancy. Various versions have evolved over the years, sometimes by accident, sometimes on purpose (injected humour and the like).</p>\r\n\r\n<h4>Where does it come from?</h4>\r\n\r\n<p>Contrary to popular belief, Lorem Ipsum is not simply random text. It has roots in a piece of classical Latin literature from 45 BC, making it over 2000 years old. Richard McClintock, a Latin professor at Hampden-Sydney College in Virginia, looked up one of the more obscure Latin words, consectetur, from a Lorem Ipsum passage, and going through the cites of the word in classical literature, discovered the undoubtable source.</p>', 'biography', 'biography'),
(8, 9, 'ge', 'კონტაქტი', '<div class=\"videoPlayer\"><a data-poster=\"data:image/jpeg;base64,/9j/4AAQSkZJRgABAQAAAQABAAD/2wCEAAkGBxISEBUQEhESFRIVFRUVEhUVFhUVFRUVFRUWFhUVFRUYHSggGBomHRYVITEhJSkrLi4uFx8zODMtNygtLisBCgoKDg0OFxAQGC0dHR0tKystLS0rLS0tLS0rLSsrKystLS0tLSsrLSstLSsrKystLS0tLS0tLS0tKystKzctN//AABEIALcBEwMBIgACEQEDEQH/xAAcAAABBQEBAQAAAAAAAAAAAAAAAQIDBAUGBwj/xABAEAABAwIDBQUFBgQFBQEAAAABAAIRAyEEEjEFQVFhcRMigZGhBhQyscEHFSNCUvBigtHhM0NykrJTVHPC8ST/xAAYAQEBAQEBAAAAAAAAAAAAAAAAAQIDBP/EACARAQACAQQDAQEAAAAAAAAAAAABEQISEyExA0FRImH/2gAMAwEAAhEDEQA/APZgEsKEVOacKy8bolCcCoe1CTtFS1iUZlXzozKosZkZlXlEqonzpDUUEpVS0hqJpcmpUC5krXpqIShJnRmCjQhaSQkITUIHJ0qOUsotpQUZlHKJQtJnSF6jlCIfmSSmSkzKFnpE3MjMlB0pCU3MkJRSyiUyUSoWcXJO0TSU0qFn9qhRQhKWzAnJoTwqyAnBIlQKCnBNCcFQ4ICAhUKhI9wAJJAAuSdAN5K8j9tvtNcXClg+6GuOd7r5xuAAILRrvViL6XHG3ryF4lsj7RsSHMl7XMDu+wg5oNozcN/NewbJ2m3EU87bcQYkJPHEtZeOYi/S6hKhGCISoQIlQhAIQlhAiE4MSmmgYhLlShqBkIT8qC1QRoUmRGRBEkhSlqbCBkJIT4SEKBpCaQnFIVA2EiehQQBSBJCcFQAJwCAlhUACUBACdCoAEJU1xjzCDz77XtuOo4R1EW7RzBmDrwCHObl3ggcV4LVxBLiT19SvW/t+I/8AzXuc4IncADMeK8YD7j1Xp8OPFul1ENXA1rh0kFrgSeQK9e+ynbsudTOZxcY3QN4mT1814zhanxN/NIIHHWQun9hX1BimBubvvAiSzhAJ1HCRxWPNjxfx2wm4r6+lQ5Kq2zm/htIEAiYvInjNyrULi8s9kQlhEKhEqISwgSE4JESgcHIzJsolA/MlzKKUSgklKIUaVBISmlNSSopShNlGZApSEJMyMyiGlqQtSlyTMopMqEZkKCJOCaE8KoUJwCaE4FUKEsJJSgqhVHXohwgyCDII1BG8J8qHE1ABLj3d/Pkg8P8AtwIz0wCTktmdBLs+YkiAAAMg0AnMvKWuv+4XoH2nbcFfE1wBDGkFukmMrWgeF/Fy89kTZezwx+W8u4ThwJ3z/Tj5Lsfsvol+Oow0kCoC6P0taZJ8Y8lxbKZMndp5r1H7HGBtV1QQQKYbfUFxcCfMDzCz55rFvx8y90wsRFxFiOinlVsNWDr6GLhWF5Ycp7OlEpqFUOlEpqED5SJEIFSJESgVCRCBZRKRCBZRKRCBZSJEFQBSFKmoEKRKU0rIRCEIqMFPBUbU8Kwh4TgmBOBVDkJAUqoVZPtG4iiI3uAPjK1VW2jQ7Sk5m8i3UXCi4zy+ZvbHAltXMbyxpd1gDzsuWptJdAEnd10C9F+0rDBgGVoDXOnnmM26cuS4vZ7ezaaztTOQfN0enmvV4svw6+TH9JX0Q0tp/pu88XAfIL0H7I9nPbWrOcCBlpkDdLwTB5xC87wckuedTp6fUjyXvPslhxTpttBe1rzzMAX8AFx8+XGlrCPbqe27Ok6pEljXOAG+BMLRwWJFSm2o0ghwBBGhneOIVN2HD6Rpn87S3jqCPqnbC2aMNh6dAGQxsTET4LjixnVf1ooTULbkciU1Eoh0olNRKB0olNQillEpEIFlEpEIFlCRCBUJEICUFBSKBCmlKU0oBIhClCJpUoXPs9p8P+v5qdntFQP51qpRtBOWbS2zSP5grDcfTP5h5pQtolVxjGfqHmj3tn6ggsJKlQNBcTAAkk2AA3qsdoUx+dvmqG2sRTq4erSFRoL2OaJvci1puix28w9uWMxNRrqJc8Oc92haQ2CIIIBb3nDXh0Xm+1KBFQz0A3ANJgDlZen+xtMvw9YHLLKhbZmQBwAzNixMHeYuToue2/sB858hgGBFy4k6wPHy3ph5NE1L2ZYxMcOf2DgjUkDkPA2t4x5r232dZNOmDMhokibeVwuJ9k9jFroIER9BMePyXo2xcLkiPJcfJnOWfHS1GOLaptOdrTu36TvB8iVdVepWAhxO4gen0TPfmcVvGHkzlbQqox7OKkGJbxC2wmQoxWbxCQ128QglQoDimcQmuxzP1BBZQqf3jT/UEh2lT4oLqFR+82aSlO0WILqFQO1GcUz72YitJCzDtdqYdsBEayFkffTd6Q7ep8Uoa5QsR/tFT4qpU9qGBWpHSFMK5Wp7WgbiqVX2xO5qaJHapVwJ9tH/AKUJoyHH9uQrFOseKtswjT+VWW4MR8IV3odNuVVtcjRylGMdxKsMpN/SOan7BsfCFN2DblSGNdxKjq4t/EwtNtJp0aFIKDRq0K7sfE25YbcS/fKf2zua2XU2RZoU2Ew7TUaC0RMnoLq7sfF25WMHguypAQAXNzOgR3iZ87prKAIHVaONMtzdbqvSsPELzZcy9GPSHZmHioTyK38ELDmVl4ERnPMhalIwAeAJ8gpEGUofaXEllNjhpncPS3/Fc6NpuldZi8OKlBzSJygOHUSf6jxXKBoIs1dYyiIcJwuSt2i6U77zKjbl/TJTmUx0Ku5HxNtI7aR3Smu2i7iUwtg6Snlo4CU3INsnv5S++8k0UuicKXABNcJtg448E330lKWRqAnMbyCa4XQKe0IIniJVvamLGcFtwRdVjSHAKSlTm0prhdCsccUnvp4KZ+Gg7kj6EAEQrrhNCH3t0KOpi3EWCsZTGgTGvkxCbkG2ouquOpKZmPNaDqjQYLZ8EOqDc30V3Y+G2zhTebgGFDXovBkhbQfayjMk3Te/htsP3d5kgKEYQnVbzzBgQq1SqRuV3jbYT8O4HQoWka/JCb8/GttXZiTplsrrWGNfVV2inlntATuCnp1MwsLLg2kotZzngp3UyNAq9OiP1QrdOna7pRDM7o3BKy51KtUqE6NkJXYQ8IVotEKQJ19Ve2fTALjbut+f7KqswzZt4q7TYG0qkakAW8UI7Wq5/D8rcbSqlOuHCMjx6/IKxiT3WHm1MYIMcz8liXRNhRazSQSbniCZtZTYupUAAaQIvYc+JTtmCaf8zv8AkVLWbMjklJfK9hHC53HJHiFze1cMaVYtnum7eh/ceC22vig08Ht8p/uo/aLCuqUm1GNBezUfwnXyMeqsMTDAzgDRR5yRACtYZrwO/TnoU97TbKwwtIqU6B1KWqzfIVtxkfALcSq7GOcZDGx1QQOI/SUgqDmFJWoVQYGXwKcaFU6MjyUVXbUk70doOKnp4asDemD5J9XBOP5SEoVc8RBJTHZiZurtPCCmJcbdVb7VmUFoSi2UKjgLT4pA0uvdaLngXgcwo6dYfoA5q0WrhpGh81LRYW6xdSDEM0MQN6kz0Iku8EQrXNPBQV6epCbiDTiaZJPBU24msN1kEoc/WFDWouedYKsUKjzbITKfQwzw6XMdKKy6uGcLEnrKjfhSBq5b1VgOrCFUr1HNMNE+CFstuEbxchazMM8gHu35pUVyLcC8Rv6LUwbY+Kyoe/tabzbgVOza9Mz3fNBrgtaJABHW8q3Rx7IEMEx1WJR2nSESFO7a9ImMkf6USmwMS06lzeiq4qtwL3dQoMPtLDg94PlaDcZhyJzR4hEUGVD0nVamCpzTLbklw16KocbRbcFh5FysbLxoeXAZRlhzY6wR6x4qNR2vvpzTaDqI8xf6QonfEDxv6FXRWY+BoZVevhnCCBIBMxuBBiVJaiVvZQ/D8/mVJ+ZR7N/w/wB8SnsN1UlLgGAsLToHO9SfqreFrBw5GQfks+hUikXcZ8pJmekqfZ3wW3QQp7K4lzm0sI+nUc3O6Jtfdu9EuFflHec4hdJtLBMrsg2O5wuRy5hYGPwLGVcgPdAaOcxcwqwq4nHt0DXdVV96HAq77qZFzHRWKeGa6QWmeO5U4ZXvjf4lbw20BMd+Fbfs1ov6JMNQO8AIXCCs8uMhzxyurDQ5wEPcRzspKtVvC43plSs4XEAEb0C1MBIu5VW0ADEQeqsVKtMiSR4FI0sdpc7lQ12BeddOqsNwrGAZ3g8io3Z23ExwKjNdp1AngQiLLjS0ySORCZVfSIHdcAOSq9mXHUjoIT88QHAOCFHiqBOWjI9Vn1K2IF2sHiJWm804sL8iq1SuQbz0KiqrNpYlouB5KV+3Kzv8vxCfRxxBgMDuqlfiHOFuzYVBm4nGVXGPh42R2TvzVso5BaDKoYJe5j51UdaqKg/DYI670VknZ4/7g+iFI7CVZ/wvVIqOeGCw41qOngLop0KU2c4DmE1uAIsQVaoYTf4IqSjgKJF6itU9lsLcwdMa3HyUNPDgbh4qzhaRJ/LdES/drBrMROoHzVI4OT3QCOZWjVpQb5T4pTWp5QMzSeU2QtTGzQLkW35b+q2dj4ZjHEzYtyk7gHFU6G0C05ZYW8BK1cOGlhIAEn5f/So1HMpX0nb5ncefGeaZiMVULQwmwcJ53+SH1H0zYnLw4dFHjdruyFo3tJJ32i374LPTdNXZzu74J5MAlQbNPdB5KTENkEDU2HjZVj2HAnCho1dl8on6JdnV8kNO4Q7pbfojaDcjWsE6EnluHoqNB5k/hnS7laS+23i8fTpCQZJuAN4PyXOYl7aji+bkz4rQY1jtS2eqbWpsBgAEnmJVpi1XCkT8ZnmpPd3F1nOTKmItZsluo19Qp8NtH9TDEbrlBYp04tmB6iU8s4Ec/wCwUjMS34hTdPEgj5qTsg6Hb+YVZVaeDDye/PIWhRVMEGAw0nqrzw0H4mjnKZ2zN1ZkdZUW5YtSlFzT18kUafFrh0Wt2XaDu1h5CFENkO1dWdHABFtRq1LxL/ohoB1M9FpPw4iLRpJITmYWmGjusI4khUtCG5LgW4C58lBWh/8AlujeSIVmvi2izOzEa97cq7NoOmAQ4deKlgp7NovHxEeYTauxwLg5wOMp+Ix7Ggh7i2Nct/ost/tQxgim2o887D1U1QtSvUcK2SS23IlPfh6QMZG+KxB7ZPEzQaOF480uF9qmvP41KObTPos6oXTk134ikwR2UxuEKgzbbQ61LK3eI+qvDGYVw7jwSdBofVRF2HaDnLWHUyWrSJRtenyHilVT33B/9VvkP6ISynMMxVKxJOU6tzHOOk6wpu0jvUnMew7hYj/UDoVyPvcmXX3cCpqNfXKT++KzFu04w6TtXjUAb+8L+Flo7Mwb6p1Yxt5cQSPmudw226jW5Znk76aqWrtqq8QXW4Cw9FZlnS6PFbLZ2mUYhhEajUE7oBVSrsMNua7Q3jvnhAusCnW5q1TxTo1ssXLWlovwTG6VmOO8DNI4RxW/sdv4IbyPzK5bD1AXAOdlaTci8Douq2biGFzmMaQ1sATeRGq1jftaaBFtLLKxzAf9r/8AipcRtDJ3IEi0vNp5D+6zHYyoS7OQRkcG5Yy96026pMrGMtzBYukGtph4L4AAg3IF9QtfCMmDr8lzlLZPaPabgCCSPpzXTVKopUy+LNBMcmgn+nmqxlDjvafaVf3l7adBzg0huZ1MkGBeLaTKzW4uvVGVwcBwFh5BSPx9QuLi98k37x6pKNzrlm0zr4alZ1Smkz3Z+gm2k2V/DYaubZD1kH0Cgdhy1xb2hiJJF7dJUVHGOpP7rzHjB8CmqfcFNg4B7O92bp4tBPnCfTqFv5D4qxgtuUnN7zsp3i8HyUbtp4YmIBvw39Vu4Y5MG0KpsJjgdPqVFUq1iP8AEcB+7KzV2hhpALqlM8YlvmFK2pR/JVa486kfMJwjHNJ5uSD/AC/VDg+Legutl9N7hrb+AA+sKtUw5gAPDeRAP+6UqFtlUw8m5IM8x8lZrMcxpL6rgBoA65njdWzh+98NPNxLoHlon4vCPqDKWsMcD9EqC3MHHOiCZ4SUoxxI+I+BWlX2FUAnsnkclnPwFWe5TfI1AEkDmApTVwrV6rjvPioffqoBAeYUlalV3tcOoI+apVA5TS1a8duVdCAREHSeqqVtrvkZQGgdPNVDPFQ1tLpOFlp6+0C5xc4CSqj8VG+FCAJSOeHGIVjx0ag7G/uAk97EXAKjNIKGrRO64WtKWs++8glWUQUK6FtuHY7xLqkU2h5puNnd9o7wAF7cfmn4nZVSkxryWup1BNN7dHcZaYIPhHNCET2TDUXFpfEgamwjTz1Csin3QdxMc54dEiEkKDAHMSPkpqLDra6EKUqbJcySVr7DxLm1aY/LdgvPxf3hCFG8PbpcRRDtVG7ZYfAEDXMeDSL+OiEJJbWwOIpucKDQTb4jaS25kDkCoscQ3DVOVJ5jqJP/AKpULHbMuCNQHjdSYfDveQGC/GR56oQt0y0sRSFFgzOz1NGi+VvOd6oVy5kEAHMdXAGDvAG4eCEKJErWGe5wLXNZB/hAuOijq4AgyPmhCJaTD081nh0bjIcPHetGtsEOsSBwIshCtJMoXbIqUj3T45laZQrkXJ5fCfqhCC7gqGIuJYDG8SOmqs1sHiCLVA1w4NbHrKEIzLCx2zsU4nPXcRv7xA8gp8BsotId2htoRIPSxSIRb4b2Hw+QyC6+5ziW/wC28JNp1KLGF9dlLL/48xPohCJDEoY/Zzjl7BrZOppA3WrVweFcI7Ci60iaTP6IQizDExjMM2cuFoG95pMlURicLTnNhaBBufw226CEIVhVuh934huTsGN1iGBsfzNghVmey2Bqy2mX5tBDn6/ziEIUuieGbV+ziXEtr23S0E+JBCEITXJb/9k=\" href=\"https://www.youtube.com/watch?v=MUrUfQY9d0Y\"><img src=\"data:image/jpeg;base64,/9j/4AAQSkZJRgABAQAAAQABAAD/2wCEAAkGBxISEBUQEhESFRIVFRUVEhUVFhUVFRUVFRUWFhUVFRUYHSggGBomHRYVITEhJSkrLi4uFx8zODMtNygtLisBCgoKDg0OFxAQGC0dHR0tKystLS0rLS0tLS0rLSsrKystLS0tLSsrLSstLSsrKystLS0tLS0tLS0tKystKzctN//AABEIALcBEwMBIgACEQEDEQH/xAAcAAABBQEBAQAAAAAAAAAAAAAAAQIDBAUGBwj/xABAEAABAwIDBQUFBgQFBQEAAAABAAIRAyEEEjEFQVFhcRMigZGhBhQyscEHFSNCUvBigtHhM0NykrJTVHPC8ST/xAAYAQEBAQEBAAAAAAAAAAAAAAAAAQIDBP/EACARAQACAQQDAQEAAAAAAAAAAAABEQISEyExA0FRImH/2gAMAwEAAhEDEQA/APZgEsKEVOacKy8bolCcCoe1CTtFS1iUZlXzozKosZkZlXlEqonzpDUUEpVS0hqJpcmpUC5krXpqIShJnRmCjQhaSQkITUIHJ0qOUsotpQUZlHKJQtJnSF6jlCIfmSSmSkzKFnpE3MjMlB0pCU3MkJRSyiUyUSoWcXJO0TSU0qFn9qhRQhKWzAnJoTwqyAnBIlQKCnBNCcFQ4ICAhUKhI9wAJJAAuSdAN5K8j9tvtNcXClg+6GuOd7r5xuAAILRrvViL6XHG3ryF4lsj7RsSHMl7XMDu+wg5oNozcN/NewbJ2m3EU87bcQYkJPHEtZeOYi/S6hKhGCISoQIlQhAIQlhAiE4MSmmgYhLlShqBkIT8qC1QRoUmRGRBEkhSlqbCBkJIT4SEKBpCaQnFIVA2EiehQQBSBJCcFQAJwCAlhUACUBACdCoAEJU1xjzCDz77XtuOo4R1EW7RzBmDrwCHObl3ggcV4LVxBLiT19SvW/t+I/8AzXuc4IncADMeK8YD7j1Xp8OPFul1ENXA1rh0kFrgSeQK9e+ynbsudTOZxcY3QN4mT1814zhanxN/NIIHHWQun9hX1BimBubvvAiSzhAJ1HCRxWPNjxfx2wm4r6+lQ5Kq2zm/htIEAiYvInjNyrULi8s9kQlhEKhEqISwgSE4JESgcHIzJsolA/MlzKKUSgklKIUaVBISmlNSSopShNlGZApSEJMyMyiGlqQtSlyTMopMqEZkKCJOCaE8KoUJwCaE4FUKEsJJSgqhVHXohwgyCDII1BG8J8qHE1ABLj3d/Pkg8P8AtwIz0wCTktmdBLs+YkiAAAMg0AnMvKWuv+4XoH2nbcFfE1wBDGkFukmMrWgeF/Fy89kTZezwx+W8u4ThwJ3z/Tj5Lsfsvol+Oow0kCoC6P0taZJ8Y8lxbKZMndp5r1H7HGBtV1QQQKYbfUFxcCfMDzCz55rFvx8y90wsRFxFiOinlVsNWDr6GLhWF5Ycp7OlEpqFUOlEpqED5SJEIFSJESgVCRCBZRKRCBZRKRCBZSJEFQBSFKmoEKRKU0rIRCEIqMFPBUbU8Kwh4TgmBOBVDkJAUqoVZPtG4iiI3uAPjK1VW2jQ7Sk5m8i3UXCi4zy+ZvbHAltXMbyxpd1gDzsuWptJdAEnd10C9F+0rDBgGVoDXOnnmM26cuS4vZ7ezaaztTOQfN0enmvV4svw6+TH9JX0Q0tp/pu88XAfIL0H7I9nPbWrOcCBlpkDdLwTB5xC87wckuedTp6fUjyXvPslhxTpttBe1rzzMAX8AFx8+XGlrCPbqe27Ok6pEljXOAG+BMLRwWJFSm2o0ghwBBGhneOIVN2HD6Rpn87S3jqCPqnbC2aMNh6dAGQxsTET4LjixnVf1ooTULbkciU1Eoh0olNRKB0olNQillEpEIFlEpEIFlCRCBUJEICUFBSKBCmlKU0oBIhClCJpUoXPs9p8P+v5qdntFQP51qpRtBOWbS2zSP5grDcfTP5h5pQtolVxjGfqHmj3tn6ggsJKlQNBcTAAkk2AA3qsdoUx+dvmqG2sRTq4erSFRoL2OaJvci1puix28w9uWMxNRrqJc8Oc92haQ2CIIIBb3nDXh0Xm+1KBFQz0A3ANJgDlZen+xtMvw9YHLLKhbZmQBwAzNixMHeYuToue2/sB858hgGBFy4k6wPHy3ph5NE1L2ZYxMcOf2DgjUkDkPA2t4x5r232dZNOmDMhokibeVwuJ9k9jFroIER9BMePyXo2xcLkiPJcfJnOWfHS1GOLaptOdrTu36TvB8iVdVepWAhxO4gen0TPfmcVvGHkzlbQqox7OKkGJbxC2wmQoxWbxCQ128QglQoDimcQmuxzP1BBZQqf3jT/UEh2lT4oLqFR+82aSlO0WILqFQO1GcUz72YitJCzDtdqYdsBEayFkffTd6Q7ep8Uoa5QsR/tFT4qpU9qGBWpHSFMK5Wp7WgbiqVX2xO5qaJHapVwJ9tH/AKUJoyHH9uQrFOseKtswjT+VWW4MR8IV3odNuVVtcjRylGMdxKsMpN/SOan7BsfCFN2DblSGNdxKjq4t/EwtNtJp0aFIKDRq0K7sfE25YbcS/fKf2zua2XU2RZoU2Ew7TUaC0RMnoLq7sfF25WMHguypAQAXNzOgR3iZ87prKAIHVaONMtzdbqvSsPELzZcy9GPSHZmHioTyK38ELDmVl4ERnPMhalIwAeAJ8gpEGUofaXEllNjhpncPS3/Fc6NpuldZi8OKlBzSJygOHUSf6jxXKBoIs1dYyiIcJwuSt2i6U77zKjbl/TJTmUx0Ku5HxNtI7aR3Smu2i7iUwtg6Snlo4CU3INsnv5S++8k0UuicKXABNcJtg448E330lKWRqAnMbyCa4XQKe0IIniJVvamLGcFtwRdVjSHAKSlTm0prhdCsccUnvp4KZ+Gg7kj6EAEQrrhNCH3t0KOpi3EWCsZTGgTGvkxCbkG2ouquOpKZmPNaDqjQYLZ8EOqDc30V3Y+G2zhTebgGFDXovBkhbQfayjMk3Te/htsP3d5kgKEYQnVbzzBgQq1SqRuV3jbYT8O4HQoWka/JCb8/GttXZiTplsrrWGNfVV2inlntATuCnp1MwsLLg2kotZzngp3UyNAq9OiP1QrdOna7pRDM7o3BKy51KtUqE6NkJXYQ8IVotEKQJ19Ve2fTALjbut+f7KqswzZt4q7TYG0qkakAW8UI7Wq5/D8rcbSqlOuHCMjx6/IKxiT3WHm1MYIMcz8liXRNhRazSQSbniCZtZTYupUAAaQIvYc+JTtmCaf8zv8AkVLWbMjklJfK9hHC53HJHiFze1cMaVYtnum7eh/ceC22vig08Ht8p/uo/aLCuqUm1GNBezUfwnXyMeqsMTDAzgDRR5yRACtYZrwO/TnoU97TbKwwtIqU6B1KWqzfIVtxkfALcSq7GOcZDGx1QQOI/SUgqDmFJWoVQYGXwKcaFU6MjyUVXbUk70doOKnp4asDemD5J9XBOP5SEoVc8RBJTHZiZurtPCCmJcbdVb7VmUFoSi2UKjgLT4pA0uvdaLngXgcwo6dYfoA5q0WrhpGh81LRYW6xdSDEM0MQN6kz0Iku8EQrXNPBQV6epCbiDTiaZJPBU24msN1kEoc/WFDWouedYKsUKjzbITKfQwzw6XMdKKy6uGcLEnrKjfhSBq5b1VgOrCFUr1HNMNE+CFstuEbxchazMM8gHu35pUVyLcC8Rv6LUwbY+Kyoe/tabzbgVOza9Mz3fNBrgtaJABHW8q3Rx7IEMEx1WJR2nSESFO7a9ImMkf6USmwMS06lzeiq4qtwL3dQoMPtLDg94PlaDcZhyJzR4hEUGVD0nVamCpzTLbklw16KocbRbcFh5FysbLxoeXAZRlhzY6wR6x4qNR2vvpzTaDqI8xf6QonfEDxv6FXRWY+BoZVevhnCCBIBMxuBBiVJaiVvZQ/D8/mVJ+ZR7N/w/wB8SnsN1UlLgGAsLToHO9SfqreFrBw5GQfks+hUikXcZ8pJmekqfZ3wW3QQp7K4lzm0sI+nUc3O6Jtfdu9EuFflHec4hdJtLBMrsg2O5wuRy5hYGPwLGVcgPdAaOcxcwqwq4nHt0DXdVV96HAq77qZFzHRWKeGa6QWmeO5U4ZXvjf4lbw20BMd+Fbfs1ov6JMNQO8AIXCCs8uMhzxyurDQ5wEPcRzspKtVvC43plSs4XEAEb0C1MBIu5VW0ADEQeqsVKtMiSR4FI0sdpc7lQ12BeddOqsNwrGAZ3g8io3Z23ExwKjNdp1AngQiLLjS0ySORCZVfSIHdcAOSq9mXHUjoIT88QHAOCFHiqBOWjI9Vn1K2IF2sHiJWm804sL8iq1SuQbz0KiqrNpYlouB5KV+3Kzv8vxCfRxxBgMDuqlfiHOFuzYVBm4nGVXGPh42R2TvzVso5BaDKoYJe5j51UdaqKg/DYI670VknZ4/7g+iFI7CVZ/wvVIqOeGCw41qOngLop0KU2c4DmE1uAIsQVaoYTf4IqSjgKJF6itU9lsLcwdMa3HyUNPDgbh4qzhaRJ/LdES/drBrMROoHzVI4OT3QCOZWjVpQb5T4pTWp5QMzSeU2QtTGzQLkW35b+q2dj4ZjHEzYtyk7gHFU6G0C05ZYW8BK1cOGlhIAEn5f/So1HMpX0nb5ncefGeaZiMVULQwmwcJ53+SH1H0zYnLw4dFHjdruyFo3tJJ32i374LPTdNXZzu74J5MAlQbNPdB5KTENkEDU2HjZVj2HAnCho1dl8on6JdnV8kNO4Q7pbfojaDcjWsE6EnluHoqNB5k/hnS7laS+23i8fTpCQZJuAN4PyXOYl7aji+bkz4rQY1jtS2eqbWpsBgAEnmJVpi1XCkT8ZnmpPd3F1nOTKmItZsluo19Qp8NtH9TDEbrlBYp04tmB6iU8s4Ec/wCwUjMS34hTdPEgj5qTsg6Hb+YVZVaeDDye/PIWhRVMEGAw0nqrzw0H4mjnKZ2zN1ZkdZUW5YtSlFzT18kUafFrh0Wt2XaDu1h5CFENkO1dWdHABFtRq1LxL/ohoB1M9FpPw4iLRpJITmYWmGjusI4khUtCG5LgW4C58lBWh/8AlujeSIVmvi2izOzEa97cq7NoOmAQ4deKlgp7NovHxEeYTauxwLg5wOMp+Ix7Ggh7i2Nct/ost/tQxgim2o887D1U1QtSvUcK2SS23IlPfh6QMZG+KxB7ZPEzQaOF480uF9qmvP41KObTPos6oXTk134ikwR2UxuEKgzbbQ61LK3eI+qvDGYVw7jwSdBofVRF2HaDnLWHUyWrSJRtenyHilVT33B/9VvkP6ISynMMxVKxJOU6tzHOOk6wpu0jvUnMew7hYj/UDoVyPvcmXX3cCpqNfXKT++KzFu04w6TtXjUAb+8L+Flo7Mwb6p1Yxt5cQSPmudw226jW5Znk76aqWrtqq8QXW4Cw9FZlnS6PFbLZ2mUYhhEajUE7oBVSrsMNua7Q3jvnhAusCnW5q1TxTo1ssXLWlovwTG6VmOO8DNI4RxW/sdv4IbyPzK5bD1AXAOdlaTci8Douq2biGFzmMaQ1sATeRGq1jftaaBFtLLKxzAf9r/8AipcRtDJ3IEi0vNp5D+6zHYyoS7OQRkcG5Yy96026pMrGMtzBYukGtph4L4AAg3IF9QtfCMmDr8lzlLZPaPabgCCSPpzXTVKopUy+LNBMcmgn+nmqxlDjvafaVf3l7adBzg0huZ1MkGBeLaTKzW4uvVGVwcBwFh5BSPx9QuLi98k37x6pKNzrlm0zr4alZ1Smkz3Z+gm2k2V/DYaubZD1kH0Cgdhy1xb2hiJJF7dJUVHGOpP7rzHjB8CmqfcFNg4B7O92bp4tBPnCfTqFv5D4qxgtuUnN7zsp3i8HyUbtp4YmIBvw39Vu4Y5MG0KpsJjgdPqVFUq1iP8AEcB+7KzV2hhpALqlM8YlvmFK2pR/JVa486kfMJwjHNJ5uSD/AC/VDg+Legutl9N7hrb+AA+sKtUw5gAPDeRAP+6UqFtlUw8m5IM8x8lZrMcxpL6rgBoA65njdWzh+98NPNxLoHlon4vCPqDKWsMcD9EqC3MHHOiCZ4SUoxxI+I+BWlX2FUAnsnkclnPwFWe5TfI1AEkDmApTVwrV6rjvPioffqoBAeYUlalV3tcOoI+apVA5TS1a8duVdCAREHSeqqVtrvkZQGgdPNVDPFQ1tLpOFlp6+0C5xc4CSqj8VG+FCAJSOeHGIVjx0ag7G/uAk97EXAKjNIKGrRO64WtKWs++8glWUQUK6FtuHY7xLqkU2h5puNnd9o7wAF7cfmn4nZVSkxryWup1BNN7dHcZaYIPhHNCET2TDUXFpfEgamwjTz1Csin3QdxMc54dEiEkKDAHMSPkpqLDra6EKUqbJcySVr7DxLm1aY/LdgvPxf3hCFG8PbpcRRDtVG7ZYfAEDXMeDSL+OiEJJbWwOIpucKDQTb4jaS25kDkCoscQ3DVOVJ5jqJP/AKpULHbMuCNQHjdSYfDveQGC/GR56oQt0y0sRSFFgzOz1NGi+VvOd6oVy5kEAHMdXAGDvAG4eCEKJErWGe5wLXNZB/hAuOijq4AgyPmhCJaTD081nh0bjIcPHetGtsEOsSBwIshCtJMoXbIqUj3T45laZQrkXJ5fCfqhCC7gqGIuJYDG8SOmqs1sHiCLVA1w4NbHrKEIzLCx2zsU4nPXcRv7xA8gp8BsotId2htoRIPSxSIRb4b2Hw+QyC6+5ziW/wC28JNp1KLGF9dlLL/48xPohCJDEoY/Zzjl7BrZOppA3WrVweFcI7Ci60iaTP6IQizDExjMM2cuFoG95pMlURicLTnNhaBBufw226CEIVhVuh934huTsGN1iGBsfzNghVmey2Bqy2mX5tBDn6/ziEIUuieGbV+ziXEtr23S0E+JBCEITXJb/9k=\" /></a></div>\r\n\r\n<p>Lorem Ipsum საბეჭდი და ტიპოგრაფიული ინდუსტრიის უშინაარსო ტექსტია. იგი სტანდარტად 1500-იანი წლებიდან იქცა, როდესაც უცნობმა მბეჭდავმა ამწყობ დაზგაზე წიგნის საცდელი ეგზემპლარი დაბეჭდა. მისი ტექსტი არამარტო 5 საუკუნის მანძილზე შემორჩა, არამედ მან დღემდე, ელექტრონული ტიპოგრაფიის დრომდეც უცვლელად მოაღწია. განსაკუთრებული პოპულარობა მას 1960-იან წლებში გამოსულმა Letraset-ის ცნობილმა ტრაფარეტებმა მოუტანა, უფრო მოგვიანებით კი &mdash; Aldus PageMaker-ის ტიპის საგამომცემლო პროგრამებმა, რომლებშიც Lorem Ipsum-ის სხვადასხვა ვერსიები იყო ჩაშენებული.</p>\r\n\r\n<div class=\"videoPlayer\"><a href=\"https://www.youtube.com/watch?v=MUrUfQY9d0Y\">qwerty</a></div>\r\n\r\n<p>&nbsp;</p>', 'კონტაქტი', 'კონტაქტი');

-- --------------------------------------------------------

--
-- Структура таблицы `password_resets`
--

CREATE TABLE `password_resets` (
  `email` varchar(255) COLLATE utf8mb4_unicode_ci NOT NULL,
  `token` varchar(255) COLLATE utf8mb4_unicode_ci NOT NULL,
  `created_at` timestamp NULL DEFAULT NULL
) ENGINE=InnoDB DEFAULT CHARSET=utf8mb4 COLLATE=utf8mb4_unicode_ci;

-- --------------------------------------------------------

--
-- Структура таблицы `posts`
--

CREATE TABLE `posts` (
  `id` bigint(20) UNSIGNED NOT NULL,
  `slug` varchar(255) COLLATE utf8mb4_unicode_ci NOT NULL,
  `created_at` timestamp NULL DEFAULT NULL,
  `updated_at` timestamp NULL DEFAULT NULL
) ENGINE=InnoDB DEFAULT CHARSET=utf8mb4 COLLATE=utf8mb4_unicode_ci;

--
-- Дамп данных таблицы `posts`
--

INSERT INTO `posts` (`id`, `slug`, `created_at`, `updated_at`) VALUES
(1, 'testovaya-statya', '2020-02-21 10:49:47', '2020-02-21 10:49:47'),
(2, 'articles-test', '2020-03-14 18:04:39', '2020-03-14 18:04:39'),
(3, 'test-post', '2020-03-22 12:06:32', '2020-03-22 12:06:32'),
(4, 'new-publication', '2020-03-22 12:10:36', '2020-03-22 12:10:36'),
(5, '2018-tslis-gamofena-bathumshi', '2020-04-14 04:37:05', '2020-05-09 09:49:09');

-- --------------------------------------------------------

--
-- Структура таблицы `post_rubrics`
--

CREATE TABLE `post_rubrics` (
  `id` bigint(20) UNSIGNED NOT NULL,
  `post_id` bigint(20) UNSIGNED NOT NULL,
  `rubric_id` bigint(20) UNSIGNED NOT NULL,
  `created_at` timestamp NULL DEFAULT NULL,
  `updated_at` timestamp NULL DEFAULT NULL
) ENGINE=InnoDB DEFAULT CHARSET=utf8mb4 COLLATE=utf8mb4_unicode_ci;

--
-- Дамп данных таблицы `post_rubrics`
--

INSERT INTO `post_rubrics` (`id`, `post_id`, `rubric_id`, `created_at`, `updated_at`) VALUES
(7, 1, 8, NULL, NULL),
(8, 2, 8, NULL, NULL),
(9, 3, 9, NULL, NULL),
(10, 4, 9, NULL, NULL),
(11, 5, 10, NULL, NULL);

-- --------------------------------------------------------

--
-- Структура таблицы `post_translations`
--

CREATE TABLE `post_translations` (
  `id` bigint(20) UNSIGNED NOT NULL,
  `post_id` bigint(20) UNSIGNED NOT NULL,
  `locale` varchar(255) COLLATE utf8mb4_unicode_ci NOT NULL,
  `title` varchar(255) COLLATE utf8mb4_unicode_ci NOT NULL,
  `intro` text COLLATE utf8mb4_unicode_ci,
  `body` text COLLATE utf8mb4_unicode_ci,
  `meta_title` varchar(255) COLLATE utf8mb4_unicode_ci DEFAULT NULL,
  `meta_description` text COLLATE utf8mb4_unicode_ci
) ENGINE=InnoDB DEFAULT CHARSET=utf8mb4 COLLATE=utf8mb4_unicode_ci;

--
-- Дамп данных таблицы `post_translations`
--

INSERT INTO `post_translations` (`id`, `post_id`, `locale`, `title`, `intro`, `body`, `meta_title`, `meta_description`) VALUES
(1, 1, 'en', 'Autor and art', '<p>Lorem Ipsum is simply dummy text of the printing and typesetting industry. Lorem Ipsum has been the industry&#39;s standard dummy text ever since the 1500s, when an unknown printer took a galley of type and scrambled it to make a type specimen book.</p>', '<h1>What is Lorem Ipsum?</h1>\r\n\r\n<p>Lorem Ipsum is simply dummy text of the printing and typesetting industry. Lorem Ipsum has been the industry&#39;s standard dummy text ever since the 1500s, when an unknown printer took a galley of type and scrambled it to make a type specimen book. It has survived not only five centuries, but also the leap into electronic typesetting, remaining essentially unchanged. It was popularised in the 1960s with the release of Letraset sheets containing Lorem Ipsum passages, and more recently with desktop publishing software like Aldus PageMaker including versions of Lorem Ipsum.</p>\r\n\r\n<h3>Why do we use it?</h3>\r\n\r\n<p>It is a long established fact that a reader will be distracted by the readable content of a page when looking at its layout. The point of using Lorem Ipsum is that it has a more-or-less normal distribution of letters, as opposed to using &#39;Content here, content here&#39;, making it look like readable English. Many desktop publishing packages and web page editors now use Lorem Ipsum as their default model text, and a search for &#39;lorem ipsum&#39; will uncover many web sites still in their infancy. Various versions have evolved over the years, sometimes by accident, sometimes on purpose (injected humour and the like).</p>\r\n\r\n<h5>Where does it come from?</h5>\r\n\r\n<p>Contrary to popular belief, Lorem Ipsum is not simply random text. It has roots in a piece of classical Latin literature from 45 BC, making it over 2000 years old. Richard McClintock, a Latin professor at Hampden-Sydney College in Virginia, looked up one of the more obscure Latin words, consectetur, from a Lorem Ipsum passage, and going through the cites of the word in classical literature, discovered the undoubtable source.</p>', 'страница тестовая', 'страница тестовая'),
(2, 2, 'en', 'Articles test', '<p>asdgfdfsfafd safdsaf sdfasdas</p>', '<p>asdfasdf sdfasdf sdfasdf sdfasf</p>', 'asdfasdf', 'asdfasdfasd'),
(3, 3, 'ge', 'რა არის Lorem Ipsum? რატომ ვიყენებთ მას?', '<p><strong>Lorem Ipsum</strong>&nbsp;- საბეჭდი და ტიპოგრაფიული ინდუსტრიის უშინაარსო ტექსტია. იგი სტანდარტად 1500-იანი წლებიდან იქცა, როდესაც უცნობმა მბეჭდავმა ამწყობ დაზგაზე წიგნის საცდელი ეგზემპლარი დაბეჭდა.</p>', '<p>რა არის Lorem Ipsum?</p>\r\n\r\n<p>Lorem Ipsum საბეჭდი და ტიპოგრაფიული ინდუსტრიის უშინაარსო ტექსტია. იგი სტანდარტად 1500-იანი წლებიდან იქცა, როდესაც უცნობმა მბეჭდავმა ამწყობ დაზგაზე წიგნის საცდელი ეგზემპლარი დაბეჭდა. მისი ტექსტი არამარტო 5 საუკუნის მანძილზე შემორჩა, არამედ მან დღემდე, ელექტრონული ტიპოგრაფიის დრომდეც უცვლელად მოაღწია. განსაკუთრებული პოპულარობა მას 1960-იან წლებში გამოსულმა Letraset-ის ცნობილმა ტრაფარეტებმა მოუტანა, უფრო მოგვიანებით კი &mdash; Aldus PageMaker-ის ტიპის საგამომცემლო პროგრამებმა, რომლებშიც Lorem Ipsum-ის სხვადასხვა ვერსიები იყო ჩაშენებული.</p>\r\n\r\n<p>რატომ ვიყენებთ მას?</p>\r\n\r\n<p>ცნობილი ფაქტია, რომ გვერდის წაკითხვად შიგთავსს შეუძლია მკითხველის ყურადღება მიიზიდოს და დიზაინის აღქმაში ხელი შეუშალოს. Lorem Ipsum-ის გამოყენებით ვღებულობთ იმაზე მეტ-ნაკლებად სწორი გადანაწილების ტექსტს, ვიდრე ერთიდაიგივე გამეორებადი სიტყვებია ხოლმე. შედეგად, ტექსტი ჩვეულებრივ ინგლისურს გავს, მისი წაითხვა კი შეუძლებელია. დღეს უამრავი პერსონალური საგამომცემლო პროგრამა და ვებგვერდი იყენებს Lorem Ipsum-ს, როგორც დროებით ტექსტს წყობის შესავსებად; Lorem Ipsum-ის მოძებნისას კი საძიებო სისტემები ბევრ დაუსრულებელ გვერდს გვიჩვენებენ. წლების მანძილზე ამ ტექსტის უამრავი ვერსია გამოჩნდა, ზოგი შემთხვევით დაშვებული შეცდომის გამო, ზოგი კი &mdash; განზრახ, ხუმრობით.</p>', 'რა არის Lorem Ipsum? რატომ ვიყენებთ მას?', 'რა არის Lorem Ipsum? რატომ ვიყენებთ მას?'),
(4, 2, 'ge', 'როგორ იქმნებოდა შედევრები', '<p>Lorem Ipsum საბეჭდი და ტიპოგრაფიული ინდუსტრიის უშინაარსო ტექსტია.</p>', '<h2>რა არის Lorem Ipsum?</h2>\r\n\r\n<p><span style=\"background-color:#f1c40f\">Lorem Ipsum საბეჭდი და ტიპოგრაფიული ინდუსტრიის უშინაარსო ტექსტია</span>. იგი სტანდარტად 1500-იანი წლებიდან იქცა, როდესაც უცნობმა მბეჭდავმა ამწყობ დაზგაზე წიგნის საცდელი ეგზემპლარი დაბეჭდა. მისი ტექსტი არამარტო 5 საუკუნის მანძილზე შემორჩა, არამედ მან დღემდე, ელექტრონული ტიპოგრაფიის დრომდეც უცვლელად მოაღწია.</p>\r\n\r\n<p>განსაკუთრებული პოპულარობა მას 1960-იან წლებში გამოსულმა Letraset-ის ცნობილმა ტრაფარეტებმა მოუტანა, უფრო მოგვიანებით კი &mdash; Aldus PageMaker-ის ტიპის საგამომცემლო პროგრამებმა, რომლებშიც Lorem Ipsum-ის სხვადასხვა ვერსიები იყო ჩაშენებული.</p>\r\n\r\n<h5>რატომ ვიყენებთ მას?</h5>\r\n\r\n<p>ცნობილი ფაქტია, რომ გვერდის წაკითხვად შიგთავსს შეუძლია მკითხველის ყურადღება მიიზიდოს და დიზაინის აღქმაში ხელი შეუშალოს. Lorem Ipsum-ის გამოყენებით ვღებულობთ იმაზე მეტ-ნაკლებად სწორი გადანაწილების ტექსტს, ვიდრე ერთიდაიგივე გამეორებადი სიტყვებია ხოლმე. შედეგად, ტექსტი ჩვეულებრივ ინგლისურს გავს, მისი წაითხვა კი შეუძლებელია. დღეს უამრავი პერსონალური საგამომცემლო პროგრამა და ვებგვერდი იყენებს Lorem Ipsum-ს, როგორც დროებით ტექსტს წყობის შესავსებად; Lorem Ipsum-ის მოძებნისას კი საძიებო სისტემები ბევრ დაუსრულებელ გვერდს გვიჩვენებენ. წლების მანძილზე ამ ტექსტის უამრავი ვერსია გამოჩნდა, ზოგი შემთხვევით დაშვებული შეცდომის გამო, ზოგი კი &mdash; განზრახ, ხუმრობით.</p>', NULL, NULL),
(5, 1, 'ge', 'ავტორი და ხელოვნება', '<p>Lorem Ipsum საბეჭდი და ტიპოგრაფიული ინდუსტრიის უშინაარსო ტექსტია.&nbsp;</p>', '<h2>რა არის Lorem Ipsum?</h2>\r\n\r\n<p>Lorem Ipsum საბეჭდი და ტიპოგრაფიული ინდუსტრიის უშინაარსო ტექსტია. იგი სტანდარტად 1500-იანი წლებიდან იქცა, როდესაც უცნობმა მბეჭდავმა ამწყობ დაზგაზე წიგნის საცდელი ეგზემპლარი დაბეჭდა. მისი ტექსტი არამარტო 5 საუკუნის მანძილზე შემორჩა, არამედ მან დღემდე, ელექტრონული ტიპოგრაფიის დრომდეც უცვლელად მოაღწია. განსაკუთრებული პოპულარობა მას 1960-იან წლებში გამოსულმა Letraset-ის ცნობილმა ტრაფარეტებმა მოუტანა, უფრო მოგვიანებით კი &mdash; Aldus PageMaker-ის ტიპის საგამომცემლო პროგრამებმა, რომლებშიც Lorem Ipsum-ის სხვადასხვა ვერსიები იყო ჩაშენებული.</p>\r\n\r\n<h3>რატომ ვიყენებთ მას?</h3>\r\n\r\n<p>ცნობილი ფაქტია, რომ გვერდის წაკითხვად შიგთავსს შეუძლია მკითხველის ყურადღება მიიზიდოს და დიზაინის აღქმაში ხელი შეუშალოს. Lorem Ipsum-ის გამოყენებით ვღებულობთ იმაზე მეტ-ნაკლებად სწორი გადანაწილების ტექსტს, ვიდრე ერთიდაიგივე გამეორებადი სიტყვებია ხოლმე. შედეგად, ტექსტი ჩვეულებრივ ინგლისურს გავს, მისი წაითხვა კი შეუძლებელია. დღეს უამრავი პერსონალური საგამომცემლო პროგრამა და ვებგვერდი იყენებს Lorem Ipsum-ს, როგორც დროებით ტექსტს წყობის შესავსებად; Lorem Ipsum-ის მოძებნისას კი საძიებო სისტემები ბევრ დაუსრულებელ გვერდს გვიჩვენებენ. წლების მანძილზე ამ ტექსტის უამრავი ვერსია გამოჩნდა, ზოგი შემთხვევით დაშვებული შეცდომის გამო, ზოგი კი &mdash; განზრახ, ხუმრობით.</p>', 'ავტორი და ხელოვნება', 'ავტორი და ხელოვნება'),
(6, 4, 'ge', 'რა არის LOREM IPSUM? რატომ ვიყენებთ მას?', '<p>Lorem Ipsum საბეჭდი და ტიპოგრაფიული ინდუსტრიის უშინაარსო ტექსტია. იგი სტანდარტად 1500-იანი წლებიდან იქცა, როდესაც უცნობმა მბეჭდავმა ამწყობ დაზგაზე წიგნის საცდელი ეგზემპლარი დაბეჭდა.</p>', '<p>რა არის Lorem Ipsum?</p>\r\n\r\n<p>Lorem Ipsum საბეჭდი და ტიპოგრაფიული ინდუსტრიის უშინაარსო ტექსტია. იგი სტანდარტად 1500-იანი წლებიდან იქცა, როდესაც უცნობმა მბეჭდავმა ამწყობ დაზგაზე წიგნის საცდელი ეგზემპლარი დაბეჭდა. მისი ტექსტი არამარტო 5 საუკუნის მანძილზე შემორჩა, არამედ მან დღემდე, ელექტრონული ტიპოგრაფიის დრომდეც უცვლელად მოაღწია. განსაკუთრებული პოპულარობა მას 1960-იან წლებში გამოსულმა Letraset-ის ცნობილმა ტრაფარეტებმა მოუტანა, უფრო მოგვიანებით კი &mdash; Aldus PageMaker-ის ტიპის საგამომცემლო პროგრამებმა, რომლებშიც Lorem Ipsum-ის სხვადასხვა ვერსიები იყო ჩაშენებული.</p>\r\n\r\n<h4>რატომ ვიყენებთ მას?</h4>\r\n\r\n<p>ცნობილი ფაქტია, რომ გვერდის წაკითხვად შიგთავსს შეუძლია მკითხველის ყურადღება მიიზიდოს და დიზაინის აღქმაში ხელი შეუშალოს. Lorem Ipsum-ის გამოყენებით ვღებულობთ იმაზე მეტ-ნაკლებად სწორი გადანაწილების ტექსტს, ვიდრე ერთიდაიგივე გამეორებადი სიტყვებია ხოლმე. შედეგად, ტექსტი ჩვეულებრივ ინგლისურს გავს, მისი წაითხვა კი შეუძლებელია. დღეს უამრავი პერსონალური საგამომცემლო პროგრამა და ვებგვერდი იყენებს Lorem Ipsum-ს, როგორც დროებით ტექსტს წყობის შესავსებად; Lorem Ipsum-ის მოძებნისას კი საძიებო სისტემები ბევრ დაუსრულებელ გვერდს გვიჩვენებენ. წლების მანძილზე ამ ტექსტის უამრავი ვერსია გამოჩნდა, ზოგი შემთხვევით დაშვებული შეცდომის გამო, ზოგი კი &mdash; განზრახ, ხუმრობით.</p>', 'რა არის LOREM IPSUM? რატომ ვიყენებთ მას?', 'რა არის LOREM IPSUM? რატომ ვიყენებთ მას?'),
(7, 3, 'en', 'zxcvbxcvzxcv', NULL, NULL, NULL, NULL),
(8, 4, 'en', 'xcvxcvxvxcvxcvx123424', NULL, NULL, NULL, NULL),
(9, 5, 'ge', '2018 წლის გამოფენა ბათუმში', NULL, '<p>Lorem Ipsum საბეჭდი და ტიპოგრაფიული ინდუსტრიის უშინაარსო ტექსტია. იგი სტანდარტად 1500-იანი წლებიდან იქცა, როდესაც უცნობმა მბეჭდავმა ამწყობ დაზგაზე წიგნის საცდელი ეგზემპლარი დაბეჭდა. მისი ტექსტი არამარტო 5 საუკუნის მანძილზე შემორჩა, არამედ მან დღემდე, ელექტრონული ტიპოგრაფიის დრომდეც უცვლელად მოაღწია. განსაკუთრებული პოპულარობა მას 1960-იან წლებში გამოსულმა Letraset-ის ცნობილმა ტრაფარეტებმა მოუტანა, უფრო მოგვიანებით კი &mdash; Aldus PageMaker-ის ტიპის საგამომცემლო პროგრამებმა, რომლებშიც Lorem Ipsum-ის სხვადასხვა ვერსიები იყო ჩაშენებული.</p>\r\n\r\n<p>Lorem Ipsum საბეჭდი და ტიპოგრაფიული ინდუსტრიის უშინაარსო ტექსტია. იგი სტანდარტად 1500-იანი წლებიდან იქცა, როდესაც უცნობმა მბეჭდავმა ამწყობ დაზგაზე წიგნის საცდელი ეგზემპლარი დაბეჭდა. მისი ტექსტი არამარტო 5 საუკუნის მანძილზე შემორჩა, არამედ მან დღემდე, ელექტრონული ტიპოგრაფიის დრომდეც უცვლელად მოაღწია. განსაკუთრებული პოპულარობა მას 1960-იან წლებში გამოსულმა Letraset-ის ცნობილმა ტრაფარეტებმა მოუტანა, უფრო მოგვიანებით კი &mdash; Aldus PageMaker-ის ტიპის საგამომცემლო პროგრამებმა, რომლებშიც Lorem Ipsum-ის სხვადასხვა ვერსიები იყო ჩაშენებული.</p>\r\n\r\n<p>Lorem Ipsum საბეჭდი და ტიპოგრაფიული ინდუსტრიის უშინაარსო ტექსტია. იგი სტანდარტად 1500-იანი წლებიდან იქცა, როდესაც უცნობმა მბეჭდავმა ამწყობ დაზგაზე წიგნის საცდელი ეგზემპლარი დაბეჭდა. მისი ტექსტი არამარტო 5 საუკუნის მანძილზე შემორჩა, არამედ მან დღემდე, ელექტრონული ტიპოგრაფიის დრომდეც უცვლელად მოაღწია. განსაკუთრებული პოპულარობა მას 1960-იან წლებში გამოსულმა Letraset-ის ცნობილმა ტრაფარეტებმა მოუტანა, უფრო მოგვიანებით კი &mdash; Aldus PageMaker-ის ტიპის საგამომცემლო პროგრამებმა, რომლებშიც Lorem Ipsum-ის სხვადასხვა ვერსიები იყო ჩაშენებული.</p>\r\n\r\n<div class=\"mediaGallery\"><a href=\"/media/94/mamakaci-kabalakhit.jpg\"><img alt=\"\" class=\"display-title\" src=\"/media/94/mamakaci-kabalakhit.jpg\" style=\"height:263px; width:200px\" title=\"title 1\" /></a><a href=\"/media/95/mamakaci.jpg\"><img alt=\"\" class=\"display-title\" src=\"/media/95/mamakaci.jpg\" style=\"height:266px; width:200px\" title=\"title test\" /></a><a href=\"/media/96/guram-gelovanis-portreti.jpg\"><img alt=\"\" class=\"display-title\" src=\"/media/96/guram-gelovanis-portreti.jpg\" style=\"height:271px; width:200px\" title=\"Welcome Title\" /></a></div>\r\n\r\n<p>&nbsp;</p>', '2018 წლის გამოფენა ბატუმში', '2018 წლის გამოფენა ბატუმში'),
(10, 5, 'en', '2018 year exibition in Batumi', '<p>Lorem Ipsum is simply dummy text of the printing and typesetting industry.</p>', '<p>Lorem Ipsum საბეჭდი და ტიპოგრაფიული ინდუსტრიის უშინაარსო ტექსტია. იგი სტანდარტად 1500-იანი წლებიდან იქცა, როდესაც უცნობმა მბეჭდავმა ამწყობ დაზგაზე წიგნის საცდელი ეგზემპლარი დაბეჭდა. მისი ტექსტი არამარტო 5 საუკუნის მანძილზე შემორჩა, არამედ მან დღემდე, ელექტრონული ტიპოგრაფიის დრომდეც უცვლელად მოაღწია. განსაკუთრებული პოპულარობა მას 1960-იან წლებში გამოსულმა Letraset-ის ცნობილმა ტრაფარეტებმა მოუტანა, უფრო მოგვიანებით კი &mdash; Aldus PageMaker-ის ტიპის საგამომცემლო პროგრამებმა, რომლებშიც Lorem Ipsum-ის სხვადასხვა ვერსიები იყო ჩაშენებული.</p>\r\n\r\n<h3>What is Lorem Ipsum?</h3>\r\n\r\n<p>Lorem Ipsum is simply dummy text of the printing and typesetting industry. Lorem Ipsum has been the industry&#39;s standard dummy text ever since the 1500s, when an unknown printer took a galley of type and scrambled it to make a type specimen book. It has survived not only five centuries, but also the leap into electronic typesetting, remaining essentially unchanged. It was popularised in the 1960s with the release of Letraset sheets containing Lorem Ipsum passages, and more recently with desktop publishing software like Aldus PageMaker including versions of Lorem Ipsum.</p>\r\n\r\n<h4>Why do we use it?</h4>\r\n\r\n<p>It is a long established fact that a reader will be distracted by the readable content of a page when looking at its layout. The point of using Lorem Ipsum is that it has a more-or-less normal distribution of letters, as opposed to using &#39;Content here, content here&#39;, making it look like readable English. Many desktop publishing packages and web page editors now use Lorem Ipsum as their default model text, and a search for &#39;lorem ipsum&#39; will uncover many web sites still in their infancy. Various versions have evolved over the years, sometimes by accident, sometimes on purpose (injected humour and the like).</p>', NULL, NULL);

-- --------------------------------------------------------

--
-- Структура таблицы `rubrics`
--

CREATE TABLE `rubrics` (
  `id` bigint(20) UNSIGNED NOT NULL,
  `slug` varchar(255) COLLATE utf8mb4_unicode_ci NOT NULL,
  `created_at` timestamp NULL DEFAULT NULL,
  `updated_at` timestamp NULL DEFAULT NULL,
  `parent_id` int(11) NOT NULL DEFAULT '0'
) ENGINE=InnoDB DEFAULT CHARSET=utf8mb4 COLLATE=utf8mb4_unicode_ci;

--
-- Дамп данных таблицы `rubrics`
--

INSERT INTO `rubrics` (`id`, `slug`, `created_at`, `updated_at`, `parent_id`) VALUES
(5, 'uncategories', '2020-02-21 09:55:49', '2020-02-21 09:55:49', 0),
(8, 'publikatsiebi', '2020-04-06 04:14:53', '2020-04-15 06:21:28', 0),
(9, 'mogonebebi', '2020-04-06 04:18:07', '2020-04-06 04:18:07', 0),
(10, 'gamofenebi', '2020-04-06 04:43:25', '2020-04-06 04:43:25', 0);

-- --------------------------------------------------------

--
-- Структура таблицы `rubric_translations`
--

CREATE TABLE `rubric_translations` (
  `id` bigint(20) UNSIGNED NOT NULL,
  `rubric_id` bigint(20) UNSIGNED NOT NULL,
  `locale` varchar(255) COLLATE utf8mb4_unicode_ci NOT NULL,
  `title` varchar(255) COLLATE utf8mb4_unicode_ci NOT NULL,
  `description` text COLLATE utf8mb4_unicode_ci,
  `meta_title` varchar(255) COLLATE utf8mb4_unicode_ci DEFAULT NULL,
  `meta_description` text COLLATE utf8mb4_unicode_ci
) ENGINE=InnoDB DEFAULT CHARSET=utf8mb4 COLLATE=utf8mb4_unicode_ci;

--
-- Дамп данных таблицы `rubric_translations`
--

INSERT INTO `rubric_translations` (`id`, `rubric_id`, `locale`, `title`, `description`, `meta_title`, `meta_description`) VALUES
(5, 5, 'en', 'Uncategories', '<p>Uncategories asdfgdasfgsdgfsdgfsdgsdf</p>', 'Uncategories', 'Uncategories'),
(8, 5, 'ru', 'Без категории', NULL, NULL, NULL),
(11, 8, 'ge', 'პუბლიკაციები', NULL, 'პუბლიკაციები', NULL),
(12, 9, 'ge', 'მოგონებები', NULL, NULL, NULL),
(13, 5, 'ge', 'უსახელო', NULL, NULL, NULL),
(14, 10, 'ge', 'გამოფენები', NULL, 'გამოფენები', 'დიმიტრი ხახუტაშვილის ნამუშევრების გამოფენები'),
(15, 8, 'en', 'Publications', NULL, NULL, NULL),
(16, 9, 'en', 'Memories', NULL, 'Memories', 'Memories'),
(17, 10, 'en', 'Exhibitions', NULL, 'Exhibitions', 'Exhibitions');

-- --------------------------------------------------------

--
-- Структура таблицы `settings`
--

CREATE TABLE `settings` (
  `id` int(10) UNSIGNED NOT NULL,
  `Label` varchar(255) COLLATE utf8mb4_unicode_ci NOT NULL,
  `key` varchar(255) COLLATE utf8mb4_unicode_ci NOT NULL,
  `type` varchar(255) COLLATE utf8mb4_unicode_ci NOT NULL,
  `value` text COLLATE utf8mb4_unicode_ci,
  `locale` varchar(10) COLLATE utf8mb4_unicode_ci NOT NULL DEFAULT 'all'
) ENGINE=InnoDB DEFAULT CHARSET=utf8mb4 COLLATE=utf8mb4_unicode_ci;

--
-- Дамп данных таблицы `settings`
--

INSERT INTO `settings` (`id`, `Label`, `key`, `type`, `value`, `locale`) VALUES
(1, 'Video', 'video_on_home', 'text', 'https://www.youtube.com/watch?v=2a9lSIYqrjk', 'all'),
(2, 'Site Description', 'description-home-page', 'textarea', 'test sait', 'ge'),
(3, 'Site title', 'title-home-page', 'text', 'wstester', 'ge'),
(4, 'Site Description EN', 'description-home-page', 'textarea', 'EN Description site edit on settings EN', 'en'),
(5, 'Site Title EN', 'title-home-page', 'text', 'En Site title name site', 'en'),
(6, 'Geolocation', 'geo-location', 'text', 'GMT +4', 'all');

-- --------------------------------------------------------

--
-- Структура таблицы `sliders`
--

CREATE TABLE `sliders` (
  `id` bigint(20) UNSIGNED NOT NULL,
  `type` varchar(100) COLLATE utf8mb4_unicode_ci NOT NULL,
  `url` varchar(150) COLLATE utf8mb4_unicode_ci DEFAULT NULL,
  `created_at` timestamp NULL DEFAULT NULL,
  `updated_at` timestamp NULL DEFAULT NULL
) ENGINE=InnoDB DEFAULT CHARSET=utf8mb4 COLLATE=utf8mb4_unicode_ci;

--
-- Дамп данных таблицы `sliders`
--

INSERT INTO `sliders` (`id`, `type`, `url`, `created_at`, `updated_at`) VALUES
(1, 'slider_home', 'http://wstester.biz.ua/biografia', '2020-03-25 18:45:25', '2020-05-20 03:55:24'),
(2, 'slider_home', '/gallery', '2020-03-26 14:39:46', '2020-05-21 12:11:27');

-- --------------------------------------------------------

--
-- Структура таблицы `slider_translations`
--

CREATE TABLE `slider_translations` (
  `id` bigint(20) UNSIGNED NOT NULL,
  `slider_id` bigint(20) UNSIGNED NOT NULL,
  `locale` varchar(255) COLLATE utf8mb4_unicode_ci NOT NULL,
  `title` varchar(255) COLLATE utf8mb4_unicode_ci DEFAULT NULL,
  `subtitle` varchar(255) COLLATE utf8mb4_unicode_ci DEFAULT NULL,
  `text_link` varchar(150) COLLATE utf8mb4_unicode_ci DEFAULT NULL
) ENGINE=InnoDB DEFAULT CHARSET=utf8mb4 COLLATE=utf8mb4_unicode_ci;

--
-- Дамп данных таблицы `slider_translations`
--

INSERT INTO `slider_translations` (`id`, `slider_id`, `locale`, `title`, `subtitle`, `text_link`) VALUES
(1, 1, 'ge', 'დიმიტრი ხახუტაშვილი', 'მხატვარი და მოქანდაკე', 'სრულად წაკითხვა'),
(2, 1, 'en', 'Dimitri Khakhutashvili', 'Sculptor- and artist', NULL),
(3, 2, 'en', 'Artist\'s work', 'Art of painting', NULL),
(4, 2, 'ge', 'მხატვრის ნამუშევარი', 'ფერწერის ხელოვნება', NULL);

-- --------------------------------------------------------

--
-- Структура таблицы `users`
--

CREATE TABLE `users` (
  `id` bigint(20) UNSIGNED NOT NULL,
  `name` varchar(255) COLLATE utf8mb4_unicode_ci NOT NULL,
  `email` varchar(255) COLLATE utf8mb4_unicode_ci NOT NULL,
  `role` int(10) NOT NULL DEFAULT '1',
  `email_verified_at` timestamp NULL DEFAULT NULL,
  `password` varchar(255) COLLATE utf8mb4_unicode_ci NOT NULL,
  `remember_token` varchar(100) COLLATE utf8mb4_unicode_ci DEFAULT NULL,
  `created_at` timestamp NULL DEFAULT NULL,
  `updated_at` timestamp NULL DEFAULT NULL
) ENGINE=InnoDB DEFAULT CHARSET=utf8mb4 COLLATE=utf8mb4_unicode_ci;

--
-- Дамп данных таблицы `users`
--

INSERT INTO `users` (`id`, `name`, `email`, `role`, `email_verified_at`, `password`, `remember_token`, `created_at`, `updated_at`) VALUES
(1, 'Aleksej', 'vasilenko75@gmail.com', 10, NULL, '$2y$10$cwKamtE8drMbTay2KzghteV3zJvtXb3eTvwbQt65upXduo80aIkjW', 'y7SC5Ho3woFr98TkikKU5lHSEg6YLMvaTqNS4jAXLOOnGrbEghYfBqKRygFB', NULL, '2020-02-21 08:35:08'),
(2, 'webix solutions', 'ok@webix.solutions', 10, NULL, '$2y$10$x12mlA0d.f93xz2PP2lxQuQGa1RW7BZqhInVyWo8ziFTC70h3iFJe', 'suq4gvXsBzAXQLAqoz7OBPiXEGgE4lUD51EiXilIYySHXzi6IY2shbUFi0Pk', '2020-03-15 17:49:55', '2020-05-16 04:51:31'),
(3, 'ltadmin', 'lelatsitsuashvili@gmail.com', 31, NULL, '$2y$10$c52nLIAjF29HGIhDPunizOzzISbgwWxKRLswbIof9GNCFIY6bdTby', 'QL0LxyCPQaYCrF9jpFNq8zSlwvOB0C80W6JgP5GqmQkEB3INUJw7fVgeS9jO', '2020-05-05 02:45:06', '2020-05-12 12:25:05'),
(4, 'skadmin', 'sophiokavtaradze@gmail.com', 31, NULL, '$2y$10$1FN08X1sJKlyIMwT0NDYR.EjBVU5diqmisycMB2A8bmSGx/FmNdeO', 'QEbznonlIx6OCNYAO8OlD8bVqrh2HGX9yqcT9G2chZa1vQoHzhItyd6hm2am', '2020-05-07 06:14:32', '2020-05-12 12:25:35'),
(5, 'mdadmin', 'mariam.diasamidze6@gmail.com', 31, NULL, '$2y$10$c.o1JZWBHv1V5wmDnLFij.d0Sb.k/Yhc.w.Qcz0hkBLTJhxZ40F46', '11O3RKvP7JcoWdiGXvvqjj2FoNICrIAXcOsWV7oP7T7NOLz5B0sfSvSi269m', '2020-05-07 06:15:31', '2020-05-12 12:25:54'),
(6, 'adadmin', 'annie.davarashvili@gmail.com', 31, NULL, '$2y$10$s1BxsJctUxtoMVN2.JEzsuUxYvfYgqWne21k3PWLQeeZhLUUzSR1m', 'xal27Bu0TBHZadfs7EVZNmms6LMqPks2vki9cfolpRMAwxP94kUTsJ0d6A6h', '2020-05-07 06:16:11', '2020-05-12 12:26:30');

-- --------------------------------------------------------

--
-- Структура таблицы `user_metas`
--

CREATE TABLE `user_metas` (
  `id` bigint(20) UNSIGNED NOT NULL,
  `user_id` bigint(20) UNSIGNED NOT NULL,
  `avatar` varchar(255) COLLATE utf8mb4_unicode_ci DEFAULT NULL,
  `country` varchar(255) COLLATE utf8mb4_unicode_ci DEFAULT NULL,
  `city` varchar(255) COLLATE utf8mb4_unicode_ci DEFAULT NULL,
  `birthday` date DEFAULT NULL,
  `created_at` timestamp NULL DEFAULT NULL,
  `updated_at` timestamp NULL DEFAULT NULL
) ENGINE=InnoDB DEFAULT CHARSET=utf8mb4 COLLATE=utf8mb4_unicode_ci;

--
-- Дамп данных таблицы `user_metas`
--

INSERT INTO `user_metas` (`id`, `user_id`, `avatar`, `country`, `city`, `birthday`, `created_at`, `updated_at`) VALUES
(9, 1, NULL, 'USA', 'New-York', '2020-02-02', '2020-02-01 22:00:00', '2020-02-21 08:35:08'),
(10, 2, NULL, NULL, NULL, NULL, '2020-03-15 17:49:56', '2020-05-16 04:53:20'),
(11, 3, NULL, 'საქართველო', 'თბილისი', NULL, '2020-05-05 02:45:06', '2020-05-12 12:25:06'),
(12, 4, NULL, NULL, NULL, NULL, '2020-05-07 06:14:32', '2020-05-12 12:25:35'),
(13, 5, NULL, NULL, NULL, NULL, '2020-05-07 06:15:31', '2020-05-12 12:25:54'),
(14, 6, NULL, NULL, NULL, NULL, '2020-05-07 06:16:11', '2020-05-12 12:26:30');

--
-- Индексы сохранённых таблиц
--

--
-- Индексы таблицы `blocks`
--
ALTER TABLE `blocks`
  ADD PRIMARY KEY (`id`),
  ADD KEY `blocks_page_id_foreign` (`page_id`);

--
-- Индексы таблицы `block_translations`
--
ALTER TABLE `block_translations`
  ADD PRIMARY KEY (`id`),
  ADD KEY `block_translations_locale_index` (`locale`),
  ADD KEY `block_translations_block_id_foreign` (`block_id`);

--
-- Индексы таблицы `catalogs`
--
ALTER TABLE `catalogs`
  ADD PRIMARY KEY (`id`),
  ADD KEY `catalogs_slug_index` (`slug`);

--
-- Индексы таблицы `catalog_items`
--
ALTER TABLE `catalog_items`
  ADD PRIMARY KEY (`id`),
  ADD KEY `catalog_items_slug_index` (`slug`);

--
-- Индексы таблицы `catalog_items_relations`
--
ALTER TABLE `catalog_items_relations`
  ADD PRIMARY KEY (`id`),
  ADD KEY `catalog_items_relations_catalog_id_index` (`catalog_id`),
  ADD KEY `catalog_items_relations_catalog_item_id_index` (`catalog_item_id`);

--
-- Индексы таблицы `catalog_item_translations`
--
ALTER TABLE `catalog_item_translations`
  ADD PRIMARY KEY (`id`),
  ADD KEY `catalog_item_translations_locale_index` (`locale`),
  ADD KEY `catalog_item_translations_catalog_item_id_foreign` (`catalog_item_id`);

--
-- Индексы таблицы `catalog_translations`
--
ALTER TABLE `catalog_translations`
  ADD PRIMARY KEY (`id`),
  ADD KEY `catalog_translations_locale_index` (`locale`),
  ADD KEY `catalog_translations_catalog_id_foreign` (`catalog_id`);

--
-- Индексы таблицы `media`
--
ALTER TABLE `media`
  ADD PRIMARY KEY (`id`),
  ADD KEY `media_model_type_model_id_index` (`model_type`,`model_id`);

--
-- Индексы таблицы `media_items`
--
ALTER TABLE `media_items`
  ADD PRIMARY KEY (`id`);

--
-- Индексы таблицы `media_translations`
--
ALTER TABLE `media_translations`
  ADD PRIMARY KEY (`id`),
  ADD KEY `media_translations_locale_index` (`locale`),
  ADD KEY `media_translations_media_id_foreign` (`media_id`);

--
-- Индексы таблицы `menus`
--
ALTER TABLE `menus`
  ADD PRIMARY KEY (`id`);

--
-- Индексы таблицы `menu_items`
--
ALTER TABLE `menu_items`
  ADD PRIMARY KEY (`id`),
  ADD KEY `menu_items_menu_id_foreign` (`menu_id`);

--
-- Индексы таблицы `menu_item_translations`
--
ALTER TABLE `menu_item_translations`
  ADD PRIMARY KEY (`id`),
  ADD KEY `menu_item_translations_locale_index` (`locale`),
  ADD KEY `menu_item_translations_menu_item_id_foreign` (`menu_item_id`);

--
-- Индексы таблицы `menu_translations`
--
ALTER TABLE `menu_translations`
  ADD PRIMARY KEY (`id`),
  ADD KEY `menu_translations_locale_index` (`locale`),
  ADD KEY `menu_translations_menu_id_foreign` (`menu_id`);

--
-- Индексы таблицы `migrations`
--
ALTER TABLE `migrations`
  ADD PRIMARY KEY (`id`);

--
-- Индексы таблицы `pages`
--
ALTER TABLE `pages`
  ADD PRIMARY KEY (`id`);

--
-- Индексы таблицы `page_translations`
--
ALTER TABLE `page_translations`
  ADD PRIMARY KEY (`id`),
  ADD KEY `page_translations_locale_index` (`locale`),
  ADD KEY `page_translations_page_id_foreign` (`page_id`);

--
-- Индексы таблицы `password_resets`
--
ALTER TABLE `password_resets`
  ADD KEY `password_resets_email_index` (`email`);

--
-- Индексы таблицы `posts`
--
ALTER TABLE `posts`
  ADD PRIMARY KEY (`id`);

--
-- Индексы таблицы `post_rubrics`
--
ALTER TABLE `post_rubrics`
  ADD PRIMARY KEY (`id`),
  ADD KEY `post_rubrics_post_id_index` (`post_id`),
  ADD KEY `post_rubrics_rubric_id_index` (`rubric_id`);

--
-- Индексы таблицы `post_translations`
--
ALTER TABLE `post_translations`
  ADD PRIMARY KEY (`id`),
  ADD KEY `post_translations_locale_index` (`locale`),
  ADD KEY `post_translations_post_id_foreign` (`post_id`);

--
-- Индексы таблицы `rubrics`
--
ALTER TABLE `rubrics`
  ADD PRIMARY KEY (`id`);

--
-- Индексы таблицы `rubric_translations`
--
ALTER TABLE `rubric_translations`
  ADD PRIMARY KEY (`id`),
  ADD KEY `rubric_translations_locale_index` (`locale`),
  ADD KEY `rubric_translations_rubric_id_foreign` (`rubric_id`);

--
-- Индексы таблицы `settings`
--
ALTER TABLE `settings`
  ADD PRIMARY KEY (`id`);

--
-- Индексы таблицы `sliders`
--
ALTER TABLE `sliders`
  ADD PRIMARY KEY (`id`);

--
-- Индексы таблицы `slider_translations`
--
ALTER TABLE `slider_translations`
  ADD PRIMARY KEY (`id`),
  ADD KEY `slider_translations_locale_index` (`locale`),
  ADD KEY `slider_translations_slider_id_foreign` (`slider_id`);

--
-- Индексы таблицы `users`
--
ALTER TABLE `users`
  ADD PRIMARY KEY (`id`),
  ADD UNIQUE KEY `users_email_unique` (`email`);

--
-- Индексы таблицы `user_metas`
--
ALTER TABLE `user_metas`
  ADD PRIMARY KEY (`id`),
  ADD KEY `user_metas_user_id_foreign` (`user_id`);

--
-- AUTO_INCREMENT для сохранённых таблиц
--

--
-- AUTO_INCREMENT для таблицы `blocks`
--
ALTER TABLE `blocks`
  MODIFY `id` bigint(20) UNSIGNED NOT NULL AUTO_INCREMENT, AUTO_INCREMENT=16;

--
-- AUTO_INCREMENT для таблицы `block_translations`
--
ALTER TABLE `block_translations`
  MODIFY `id` bigint(20) UNSIGNED NOT NULL AUTO_INCREMENT, AUTO_INCREMENT=18;

--
-- AUTO_INCREMENT для таблицы `catalogs`
--
ALTER TABLE `catalogs`
  MODIFY `id` bigint(20) UNSIGNED NOT NULL AUTO_INCREMENT, AUTO_INCREMENT=26;

--
-- AUTO_INCREMENT для таблицы `catalog_items`
--
ALTER TABLE `catalog_items`
  MODIFY `id` bigint(20) UNSIGNED NOT NULL AUTO_INCREMENT, AUTO_INCREMENT=158;

--
-- AUTO_INCREMENT для таблицы `catalog_items_relations`
--
ALTER TABLE `catalog_items_relations`
  MODIFY `id` bigint(20) UNSIGNED NOT NULL AUTO_INCREMENT, AUTO_INCREMENT=382;

--
-- AUTO_INCREMENT для таблицы `catalog_item_translations`
--
ALTER TABLE `catalog_item_translations`
  MODIFY `id` bigint(20) UNSIGNED NOT NULL AUTO_INCREMENT, AUTO_INCREMENT=225;

--
-- AUTO_INCREMENT для таблицы `catalog_translations`
--
ALTER TABLE `catalog_translations`
  MODIFY `id` bigint(20) UNSIGNED NOT NULL AUTO_INCREMENT, AUTO_INCREMENT=47;

--
-- AUTO_INCREMENT для таблицы `media`
--
ALTER TABLE `media`
  MODIFY `id` bigint(20) UNSIGNED NOT NULL AUTO_INCREMENT, AUTO_INCREMENT=268;

--
-- AUTO_INCREMENT для таблицы `media_items`
--
ALTER TABLE `media_items`
  MODIFY `id` bigint(20) UNSIGNED NOT NULL AUTO_INCREMENT, AUTO_INCREMENT=50;

--
-- AUTO_INCREMENT для таблицы `media_translations`
--
ALTER TABLE `media_translations`
  MODIFY `id` bigint(20) UNSIGNED NOT NULL AUTO_INCREMENT, AUTO_INCREMENT=55;

--
-- AUTO_INCREMENT для таблицы `menus`
--
ALTER TABLE `menus`
  MODIFY `id` bigint(20) UNSIGNED NOT NULL AUTO_INCREMENT, AUTO_INCREMENT=2;

--
-- AUTO_INCREMENT для таблицы `menu_items`
--
ALTER TABLE `menu_items`
  MODIFY `id` bigint(20) UNSIGNED NOT NULL AUTO_INCREMENT, AUTO_INCREMENT=21;

--
-- AUTO_INCREMENT для таблицы `menu_item_translations`
--
ALTER TABLE `menu_item_translations`
  MODIFY `id` bigint(20) UNSIGNED NOT NULL AUTO_INCREMENT, AUTO_INCREMENT=32;

--
-- AUTO_INCREMENT для таблицы `menu_translations`
--
ALTER TABLE `menu_translations`
  MODIFY `id` bigint(20) UNSIGNED NOT NULL AUTO_INCREMENT, AUTO_INCREMENT=3;

--
-- AUTO_INCREMENT для таблицы `migrations`
--
ALTER TABLE `migrations`
  MODIFY `id` int(10) UNSIGNED NOT NULL AUTO_INCREMENT, AUTO_INCREMENT=60;

--
-- AUTO_INCREMENT для таблицы `pages`
--
ALTER TABLE `pages`
  MODIFY `id` bigint(20) UNSIGNED NOT NULL AUTO_INCREMENT, AUTO_INCREMENT=10;

--
-- AUTO_INCREMENT для таблицы `page_translations`
--
ALTER TABLE `page_translations`
  MODIFY `id` bigint(20) UNSIGNED NOT NULL AUTO_INCREMENT, AUTO_INCREMENT=9;

--
-- AUTO_INCREMENT для таблицы `posts`
--
ALTER TABLE `posts`
  MODIFY `id` bigint(20) UNSIGNED NOT NULL AUTO_INCREMENT, AUTO_INCREMENT=6;

--
-- AUTO_INCREMENT для таблицы `post_rubrics`
--
ALTER TABLE `post_rubrics`
  MODIFY `id` bigint(20) UNSIGNED NOT NULL AUTO_INCREMENT, AUTO_INCREMENT=12;

--
-- AUTO_INCREMENT для таблицы `post_translations`
--
ALTER TABLE `post_translations`
  MODIFY `id` bigint(20) UNSIGNED NOT NULL AUTO_INCREMENT, AUTO_INCREMENT=11;

--
-- AUTO_INCREMENT для таблицы `rubrics`
--
ALTER TABLE `rubrics`
  MODIFY `id` bigint(20) UNSIGNED NOT NULL AUTO_INCREMENT, AUTO_INCREMENT=11;

--
-- AUTO_INCREMENT для таблицы `rubric_translations`
--
ALTER TABLE `rubric_translations`
  MODIFY `id` bigint(20) UNSIGNED NOT NULL AUTO_INCREMENT, AUTO_INCREMENT=18;

--
-- AUTO_INCREMENT для таблицы `settings`
--
ALTER TABLE `settings`
  MODIFY `id` int(10) UNSIGNED NOT NULL AUTO_INCREMENT, AUTO_INCREMENT=7;

--
-- AUTO_INCREMENT для таблицы `sliders`
--
ALTER TABLE `sliders`
  MODIFY `id` bigint(20) UNSIGNED NOT NULL AUTO_INCREMENT, AUTO_INCREMENT=3;

--
-- AUTO_INCREMENT для таблицы `slider_translations`
--
ALTER TABLE `slider_translations`
  MODIFY `id` bigint(20) UNSIGNED NOT NULL AUTO_INCREMENT, AUTO_INCREMENT=5;

--
-- AUTO_INCREMENT для таблицы `users`
--
ALTER TABLE `users`
  MODIFY `id` bigint(20) UNSIGNED NOT NULL AUTO_INCREMENT, AUTO_INCREMENT=7;

--
-- AUTO_INCREMENT для таблицы `user_metas`
--
ALTER TABLE `user_metas`
  MODIFY `id` bigint(20) UNSIGNED NOT NULL AUTO_INCREMENT, AUTO_INCREMENT=15;

--
-- Ограничения внешнего ключа сохраненных таблиц
--

--
-- Ограничения внешнего ключа таблицы `blocks`
--
ALTER TABLE `blocks`
  ADD CONSTRAINT `blocks_page_id_foreign` FOREIGN KEY (`page_id`) REFERENCES `pages` (`id`) ON DELETE CASCADE;

--
-- Ограничения внешнего ключа таблицы `block_translations`
--
ALTER TABLE `block_translations`
  ADD CONSTRAINT `block_translations_block_id_foreign` FOREIGN KEY (`block_id`) REFERENCES `blocks` (`id`) ON DELETE CASCADE;

--
-- Ограничения внешнего ключа таблицы `catalog_items_relations`
--
ALTER TABLE `catalog_items_relations`
  ADD CONSTRAINT `catalog_items_relations_catalog_id_foreign` FOREIGN KEY (`catalog_id`) REFERENCES `catalogs` (`id`) ON DELETE CASCADE,
  ADD CONSTRAINT `catalog_items_relations_catalog_item_id_foreign` FOREIGN KEY (`catalog_item_id`) REFERENCES `catalog_items` (`id`) ON DELETE CASCADE;

--
-- Ограничения внешнего ключа таблицы `catalog_item_translations`
--
ALTER TABLE `catalog_item_translations`
  ADD CONSTRAINT `catalog_item_translations_catalog_item_id_foreign` FOREIGN KEY (`catalog_item_id`) REFERENCES `catalog_items` (`id`) ON DELETE CASCADE;

--
-- Ограничения внешнего ключа таблицы `catalog_translations`
--
ALTER TABLE `catalog_translations`
  ADD CONSTRAINT `catalog_translations_catalog_id_foreign` FOREIGN KEY (`catalog_id`) REFERENCES `catalogs` (`id`) ON DELETE CASCADE;

--
-- Ограничения внешнего ключа таблицы `media_translations`
--
ALTER TABLE `media_translations`
  ADD CONSTRAINT `media_translations_media_id_foreign` FOREIGN KEY (`media_id`) REFERENCES `media` (`id`) ON DELETE CASCADE;

--
-- Ограничения внешнего ключа таблицы `menu_items`
--
ALTER TABLE `menu_items`
  ADD CONSTRAINT `menu_items_menu_id_foreign` FOREIGN KEY (`menu_id`) REFERENCES `menus` (`id`) ON DELETE CASCADE;

--
-- Ограничения внешнего ключа таблицы `menu_item_translations`
--
ALTER TABLE `menu_item_translations`
  ADD CONSTRAINT `menu_item_translations_menu_item_id_foreign` FOREIGN KEY (`menu_item_id`) REFERENCES `menu_items` (`id`) ON DELETE CASCADE;

--
-- Ограничения внешнего ключа таблицы `menu_translations`
--
ALTER TABLE `menu_translations`
  ADD CONSTRAINT `menu_translations_menu_id_foreign` FOREIGN KEY (`menu_id`) REFERENCES `menus` (`id`) ON DELETE CASCADE;

--
-- Ограничения внешнего ключа таблицы `page_translations`
--
ALTER TABLE `page_translations`
  ADD CONSTRAINT `page_translations_page_id_foreign` FOREIGN KEY (`page_id`) REFERENCES `pages` (`id`) ON DELETE CASCADE;

--
-- Ограничения внешнего ключа таблицы `post_rubrics`
--
ALTER TABLE `post_rubrics`
  ADD CONSTRAINT `post_rubrics_post_id_foreign` FOREIGN KEY (`post_id`) REFERENCES `posts` (`id`) ON DELETE CASCADE,
  ADD CONSTRAINT `post_rubrics_rubric_id_foreign` FOREIGN KEY (`rubric_id`) REFERENCES `rubrics` (`id`) ON DELETE CASCADE;

--
-- Ограничения внешнего ключа таблицы `post_translations`
--
ALTER TABLE `post_translations`
  ADD CONSTRAINT `post_translations_post_id_foreign` FOREIGN KEY (`post_id`) REFERENCES `posts` (`id`) ON DELETE CASCADE;

--
-- Ограничения внешнего ключа таблицы `rubric_translations`
--
ALTER TABLE `rubric_translations`
  ADD CONSTRAINT `rubric_translations_rubric_id_foreign` FOREIGN KEY (`rubric_id`) REFERENCES `rubrics` (`id`) ON DELETE CASCADE;

--
-- Ограничения внешнего ключа таблицы `slider_translations`
--
ALTER TABLE `slider_translations`
  ADD CONSTRAINT `slider_translations_slider_id_foreign` FOREIGN KEY (`slider_id`) REFERENCES `sliders` (`id`) ON DELETE CASCADE;

--
-- Ограничения внешнего ключа таблицы `user_metas`
--
ALTER TABLE `user_metas`
  ADD CONSTRAINT `user_metas_user_id_foreign` FOREIGN KEY (`user_id`) REFERENCES `users` (`id`) ON DELETE CASCADE;
COMMIT;

/*!40101 SET CHARACTER_SET_CLIENT=@OLD_CHARACTER_SET_CLIENT */;
/*!40101 SET CHARACTER_SET_RESULTS=@OLD_CHARACTER_SET_RESULTS */;
/*!40101 SET COLLATION_CONNECTION=@OLD_COLLATION_CONNECTION */;
